location,date,total_cases,new_cases,total_deaths,people_vaccinated,population
Brazil,2021-01-01,7448560.0,0.0,190488.0,,215313504
Brazil,2021-01-02,7448560.0,0.0,190488.0,,215313504
Brazil,2021-01-03,7700578.0,252018.0,195411.0,,215313504
Brazil,2021-01-04,7700578.0,0.0,195411.0,,215313504
Brazil,2021-01-05,7700578.0,0.0,195411.0,,215313504
Brazil,2021-01-06,7700578.0,0.0,195411.0,,215313504
Brazil,2021-01-07,7700578.0,0.0,195411.0,,215313504
Brazil,2021-01-08,7700578.0,0.0,195411.0,,215313504
Brazil,2021-01-09,7700578.0,0.0,195411.0,,215313504
Brazil,2021-01-10,8013708.0,313130.0,201460.0,,215313504
Brazil,2021-01-11,8013708.0,0.0,201460.0,,215313504
Brazil,2021-01-12,8013708.0,0.0,201460.0,,215313504
Brazil,2021-01-13,8013708.0,0.0,201460.0,,215313504
Brazil,2021-01-14,8013708.0,0.0,201460.0,,215313504
Brazil,2021-01-15,8013708.0,0.0,201460.0,,215313504
Brazil,2021-01-16,8013708.0,0.0,201460.0,,215313504
Brazil,2021-01-17,8393492.0,379784.0,208246.0,112.0,215313504
Brazil,2021-01-18,8393492.0,0.0,208246.0,1109.0,215313504
Brazil,2021-01-19,8393492.0,0.0,208246.0,13527.0,215313504
Brazil,2021-01-20,8393492.0,0.0,208246.0,105824.0,215313504
Brazil,2021-01-21,8393492.0,0.0,208246.0,193699.0,215313504
Brazil,2021-01-22,8393492.0,0.0,208246.0,462269.0,215313504
Brazil,2021-01-23,8393492.0,0.0,208246.0,573268.0,215313504
Brazil,2021-01-24,8753920.0,360428.0,215243.0,613954.0,215313504
Brazil,2021-01-25,8753920.0,0.0,215243.0,801759.0,215313504
Brazil,2021-01-26,8753920.0,0.0,215243.0,1045746.0,215313504
Brazil,2021-01-27,8753920.0,0.0,215243.0,1327546.0,215313504
Brazil,2021-01-28,8753920.0,0.0,215243.0,1563098.0,215313504
Brazil,2021-01-29,8753920.0,0.0,215243.0,1923813.0,215313504
Brazil,2021-01-30,8753920.0,0.0,215243.0,2046523.0,215313504
Brazil,2021-01-31,9118513.0,364593.0,222666.0,2084119.0,215313504
Brazil,2021-02-01,9118513.0,0.0,222666.0,2292551.0,215313504
Brazil,2021-02-02,9118513.0,0.0,222666.0,2521704.0,215313504
Brazil,2021-02-03,9118513.0,0.0,222666.0,2802134.0,215313504
Brazil,2021-02-04,9118513.0,0.0,222666.0,3074906.0,215313504
Brazil,2021-02-05,9118513.0,0.0,222666.0,3399421.0,215313504
Brazil,2021-02-06,9118513.0,0.0,222666.0,3534004.0,215313504
Brazil,2021-02-07,9447165.0,328652.0,230034.0,3579850.0,215313504
Brazil,2021-02-08,9447165.0,0.0,230034.0,3786591.0,215313504
Brazil,2021-02-09,9447165.0,0.0,230034.0,4069677.0,215313504
Brazil,2021-02-10,9447165.0,0.0,230034.0,4326075.0,215313504
Brazil,2021-02-11,9447165.0,0.0,230034.0,4586270.0,215313504
Brazil,2021-02-12,9447165.0,0.0,230034.0,4946738.0,215313504
Brazil,2021-02-13,9447165.0,0.0,230034.0,5042713.0,215313504
Brazil,2021-02-14,9765455.0,318290.0,237489.0,5076110.0,215313504
Brazil,2021-02-15,9765455.0,0.0,237489.0,5324317.0,215313504
Brazil,2021-02-16,9765455.0,0.0,237489.0,5326007.0,215313504
Brazil,2021-02-17,9765455.0,0.0,237489.0,5482925.0,215313504
Brazil,2021-02-18,9765455.0,0.0,237489.0,5640483.0,215313504
Brazil,2021-02-19,9765455.0,0.0,237489.0,5756361.0,215313504
Brazil,2021-02-20,9765455.0,0.0,237489.0,5817908.0,215313504
Brazil,2021-02-21,10081676.0,316221.0,244765.0,5857080.0,215313504
Brazil,2021-02-22,10081676.0,0.0,244765.0,6002873.0,215313504
Brazil,2021-02-23,10081676.0,0.0,244765.0,6116082.0,215313504
Brazil,2021-02-24,10081676.0,0.0,244765.0,6202055.0,215313504
Brazil,2021-02-25,10081676.0,0.0,244765.0,6346769.0,215313504
Brazil,2021-02-26,10081676.0,0.0,244765.0,6437836.0,215313504
Brazil,2021-02-27,10081676.0,0.0,244765.0,6518628.0,215313504
Brazil,2021-02-28,10455630.0,373954.0,252835.0,6542206.0,215313504
Brazil,2021-03-01,10455630.0,0.0,252835.0,6806293.0,215313504
Brazil,2021-03-02,10455630.0,0.0,252835.0,7114219.0,215313504
Brazil,2021-03-03,10455630.0,0.0,252835.0,7417852.0,215313504
Brazil,2021-03-04,10455630.0,0.0,252835.0,7701146.0,215313504
Brazil,2021-03-05,10455630.0,0.0,252835.0,7958939.0,215313504
Brazil,2021-03-06,10455630.0,0.0,252835.0,8142004.0,215313504
Brazil,2021-03-07,10869227.0,413597.0,262770.0,8227671.0,215313504
Brazil,2021-03-08,10869227.0,0.0,262770.0,8504966.0,215313504
Brazil,2021-03-09,10869227.0,0.0,262770.0,8764547.0,215313504
Brazil,2021-03-10,10869227.0,0.0,262770.0,9013293.0,215313504
Brazil,2021-03-11,10869227.0,0.0,262770.0,9298511.0,215313504
Brazil,2021-03-12,10869227.0,0.0,262770.0,9547655.0,215313504
Brazil,2021-03-13,10869227.0,0.0,262770.0,9669967.0,215313504
Brazil,2021-03-14,11363380.0,494153.0,275105.0,9718209.0,215313504
Brazil,2021-03-15,11363380.0,0.0,275105.0,10087787.0,215313504
Brazil,2021-03-16,11363380.0,0.0,275105.0,10402388.0,215313504
Brazil,2021-03-17,11363380.0,0.0,275105.0,10725474.0,215313504
Brazil,2021-03-18,11363380.0,0.0,275105.0,11055747.0,215313504
Brazil,2021-03-19,11363380.0,0.0,275105.0,11509501.0,215313504
Brazil,2021-03-20,11363380.0,0.0,275105.0,11739832.0,215313504
Brazil,2021-03-21,11871390.0,508010.0,290314.0,11818482.0,215313504
Brazil,2021-03-22,11871390.0,0.0,290314.0,12314847.0,215313504
Brazil,2021-03-23,11871390.0,0.0,290314.0,12817812.0,215313504
Brazil,2021-03-24,11871390.0,0.0,290314.0,13436373.0,215313504
Brazil,2021-03-25,11871390.0,0.0,290314.0,14102934.0,215313504
Brazil,2021-03-26,11871390.0,0.0,290314.0,14928869.0,215313504
Brazil,2021-03-27,11871390.0,0.0,290314.0,15282128.0,215313504
Brazil,2021-03-28,12404414.0,533024.0,307112.0,15513974.0,215313504
Brazil,2021-03-29,12404414.0,0.0,307112.0,16335279.0,215313504
Brazil,2021-03-30,12404414.0,0.0,307112.0,16995184.0,215313504
Brazil,2021-03-31,12404414.0,0.0,307112.0,17745732.0,215313504
Brazil,2021-04-01,12404414.0,0.0,307112.0,18639028.0,215313504
Brazil,2021-04-02,12404414.0,0.0,307112.0,18900837.0,215313504
Brazil,2021-04-03,12404414.0,0.0,307112.0,19222342.0,215313504
Brazil,2021-04-04,12910082.0,505668.0,328206.0,19510333.0,215313504
Brazil,2021-04-05,12910082.0,0.0,328206.0,20056296.0,215313504
Brazil,2021-04-06,12910082.0,0.0,328206.0,20850120.0,215313504
Brazil,2021-04-07,12910082.0,0.0,328206.0,21538484.0,215313504
Brazil,2021-04-08,12910082.0,0.0,328206.0,22246612.0,215313504
Brazil,2021-04-09,12910082.0,0.0,328206.0,22693305.0,215313504
Brazil,2021-04-10,12910082.0,0.0,328206.0,23097172.0,215313504
Brazil,2021-04-11,13373174.0,463092.0,348718.0,23300896.0,215313504
Brazil,2021-04-12,13373174.0,0.0,348718.0,23910515.0,215313504
Brazil,2021-04-13,13373174.0,0.0,348718.0,24473138.0,215313504
Brazil,2021-04-14,13373174.0,0.0,348718.0,24996380.0,215313504
Brazil,2021-04-15,13373174.0,0.0,348718.0,25478194.0,215313504
Brazil,2021-04-16,13373174.0,0.0,348718.0,25810304.0,215313504
Brazil,2021-04-17,13373174.0,0.0,348718.0,26085155.0,215313504
Brazil,2021-04-18,13832455.0,459281.0,368749.0,26210282.0,215313504
Brazil,2021-04-19,13832455.0,0.0,368749.0,26707227.0,215313504
Brazil,2021-04-20,13832455.0,0.0,368749.0,27184073.0,215313504
Brazil,2021-04-21,13832455.0,0.0,368749.0,27518053.0,215313504
Brazil,2021-04-22,13832455.0,0.0,368749.0,27887014.0,215313504
Brazil,2021-04-23,13832455.0,0.0,368749.0,28783905.0,215313504
Brazil,2021-04-24,13832455.0,0.0,368749.0,28981002.0,215313504
Brazil,2021-04-25,14237078.0,404623.0,386416.0,29041497.0,215313504
Brazil,2021-04-26,14237078.0,0.0,386416.0,29601947.0,215313504
Brazil,2021-04-27,14237078.0,0.0,386416.0,30275923.0,215313504
Brazil,2021-04-28,14237078.0,0.0,386416.0,30748674.0,215313504
Brazil,2021-04-29,14237078.0,0.0,386416.0,31243694.0,215313504
Brazil,2021-04-30,14237078.0,0.0,386416.0,31696792.0,215313504
Brazil,2021-05-01,14237078.0,0.0,386416.0,31830880.0,215313504
Brazil,2021-05-02,14659011.0,421933.0,403781.0,31884404.0,215313504
Brazil,2021-05-03,14659011.0,0.0,403781.0,32345310.0,215313504
Brazil,2021-05-04,14659011.0,0.0,403781.0,32896171.0,215313504
Brazil,2021-05-05,14659011.0,0.0,403781.0,33490395.0,215313504
Brazil,2021-05-06,14659011.0,0.0,403781.0,34271192.0,215313504
Brazil,2021-05-07,14659011.0,0.0,403781.0,35008550.0,215313504
Brazil,2021-05-08,14659011.0,0.0,403781.0,35253389.0,215313504
Brazil,2021-05-09,15082449.0,423438.0,419114.0,35318058.0,215313504
Brazil,2021-05-10,15082449.0,0.0,419114.0,35926219.0,215313504
Brazil,2021-05-11,15082449.0,0.0,419114.0,36523507.0,215313504
Brazil,2021-05-12,15082449.0,0.0,419114.0,37233983.0,215313504
Brazil,2021-05-13,15082449.0,0.0,419114.0,37768491.0,215313504
Brazil,2021-05-14,15082449.0,0.0,419114.0,38320507.0,215313504
Brazil,2021-05-15,15082449.0,0.0,419114.0,38570631.0,215313504
Brazil,2021-05-16,15519525.0,437076.0,432628.0,38752714.0,215313504
Brazil,2021-05-17,15519525.0,0.0,432628.0,39284275.0,215313504
Brazil,2021-05-18,15519525.0,0.0,432628.0,39891922.0,215313504
Brazil,2021-05-19,15519525.0,0.0,432628.0,40435632.0,215313504
Brazil,2021-05-20,15519525.0,0.0,432628.0,41089722.0,215313504
Brazil,2021-05-21,15519525.0,0.0,432628.0,41659039.0,215313504
Brazil,2021-05-22,15519525.0,0.0,432628.0,41882011.0,215313504
Brazil,2021-05-23,15970949.0,451424.0,446309.0,42474538.0,215313504
Brazil,2021-05-24,15970949.0,0.0,446309.0,43008064.0,215313504
Brazil,2021-05-25,15970949.0,0.0,446309.0,43525933.0,215313504
Brazil,2021-05-26,15970949.0,0.0,446309.0,44045168.0,215313504
Brazil,2021-05-27,15970949.0,0.0,446309.0,44530761.0,215313504
Brazil,2021-05-28,15970949.0,0.0,446309.0,45284397.0,215313504
Brazil,2021-05-29,15970949.0,0.0,446309.0,45604680.0,215313504
Brazil,2021-05-30,16391930.0,420981.0,459045.0,45684962.0,215313504
Brazil,2021-05-31,16391930.0,0.0,459045.0,46328168.0,215313504
Brazil,2021-06-01,16391930.0,0.0,459045.0,46932629.0,215313504
Brazil,2021-06-02,16391930.0,0.0,459045.0,47852026.0,215313504
Brazil,2021-06-03,16391930.0,0.0,459045.0,48321463.0,215313504
Brazil,2021-06-04,16391930.0,0.0,459045.0,48963900.0,215313504
Brazil,2021-06-05,16391930.0,0.0,459045.0,49491413.0,215313504
Brazil,2021-06-06,16841408.0,449478.0,470842.0,49685501.0,215313504
Brazil,2021-06-07,16841408.0,0.0,470842.0,50381104.0,215313504
Brazil,2021-06-08,16841408.0,0.0,470842.0,51502554.0,215313504
Brazil,2021-06-09,16841408.0,0.0,470842.0,52567517.0,215313504
Brazil,2021-06-10,16841408.0,0.0,470842.0,53577624.0,215313504
Brazil,2021-06-11,16841408.0,0.0,470842.0,54685737.0,215313504
Brazil,2021-06-12,16841408.0,0.0,470842.0,55292343.0,215313504
Brazil,2021-06-13,17296118.0,454710.0,484235.0,55617274.0,215313504
Brazil,2021-06-14,17296118.0,0.0,484235.0,56657381.0,215313504
Brazil,2021-06-15,17296118.0,0.0,484235.0,57910386.0,215313504
Brazil,2021-06-16,17296118.0,0.0,484235.0,59068483.0,215313504
Brazil,2021-06-17,17296118.0,0.0,484235.0,61187304.0,215313504
Brazil,2021-06-18,17296118.0,0.0,484235.0,62785859.0,215313504
Brazil,2021-06-19,17296118.0,0.0,484235.0,63659153.0,215313504
Brazil,2021-06-20,17801462.0,505344.0,498499.0,64099339.0,215313504
Brazil,2021-06-21,17801462.0,0.0,498499.0,65421825.0,215313504
Brazil,2021-06-22,17801462.0,0.0,498499.0,66688623.0,215313504
Brazil,2021-06-23,17801462.0,0.0,498499.0,67890907.0,215313504
Brazil,2021-06-24,17801462.0,0.0,498499.0,69113521.0,215313504
Brazil,2021-06-25,17801462.0,0.0,498499.0,70369603.0,215313504
Brazil,2021-06-26,17801462.0,0.0,498499.0,71090361.0,215313504
Brazil,2021-06-27,18322760.0,521298.0,511142.0,71319026.0,215313504
Brazil,2021-06-28,18322760.0,0.0,511142.0,72324820.0,215313504
Brazil,2021-06-29,18322760.0,0.0,511142.0,73943650.0,215313504
Brazil,2021-06-30,18322760.0,0.0,511142.0,75097273.0,215313504
Brazil,2021-07-01,18322760.0,0.0,511142.0,76284848.0,215313504
Brazil,2021-07-02,18322760.0,0.0,511142.0,77586349.0,215313504
Brazil,2021-07-03,18322760.0,0.0,511142.0,78210253.0,215313504
Brazil,2021-07-04,18687469.0,364709.0,521952.0,78512727.0,215313504
Brazil,2021-07-05,18687469.0,0.0,521952.0,79835457.0,215313504
Brazil,2021-07-06,18687469.0,0.0,521952.0,81152984.0,215313504
Brazil,2021-07-07,18687469.0,0.0,521952.0,82649595.0,215313504
Brazil,2021-07-08,18687469.0,0.0,521952.0,83948802.0,215313504
Brazil,2021-07-09,18687469.0,0.0,521952.0,85166293.0,215313504
Brazil,2021-07-10,18687469.0,0.0,521952.0,85922323.0,215313504
Brazil,2021-07-11,19020499.0,333030.0,531688.0,86272249.0,215313504
Brazil,2021-07-12,19020499.0,0.0,531688.0,87264587.0,215313504
Brazil,2021-07-13,19020499.0,0.0,531688.0,88385719.0,215313504
Brazil,2021-07-14,19020499.0,0.0,531688.0,89449394.0,215313504
Brazil,2021-07-15,19020499.0,0.0,531688.0,90743692.0,215313504
Brazil,2021-07-16,19020499.0,0.0,531688.0,91739486.0,215313504
Brazil,2021-07-17,19020499.0,0.0,531688.0,92434146.0,215313504
Brazil,2021-07-18,19308109.0,287610.0,540398.0,92630599.0,215313504
Brazil,2021-07-19,19308109.0,0.0,540398.0,93786760.0,215313504
Brazil,2021-07-20,19308109.0,0.0,540398.0,95101845.0,215313504
Brazil,2021-07-21,19308109.0,0.0,540398.0,96304601.0,215313504
Brazil,2021-07-22,19308109.0,0.0,540398.0,97428671.0,215313504
Brazil,2021-07-23,19308109.0,0.0,540398.0,98712936.0,215313504
Brazil,2021-07-24,19308109.0,0.0,540398.0,99391757.0,215313504
Brazil,2021-07-25,19632443.0,324334.0,548340.0,99610570.0,215313504
Brazil,2021-07-26,19632443.0,0.0,548340.0,100522817.0,215313504
Brazil,2021-07-27,19632443.0,0.0,548340.0,101528055.0,215313504
Brazil,2021-07-28,19632443.0,0.0,548340.0,102535345.0,215313504
Brazil,2021-07-29,19632443.0,0.0,548340.0,103363365.0,215313504
Brazil,2021-07-30,19632443.0,0.0,548340.0,104477597.0,215313504
Brazil,2021-07-31,19632443.0,0.0,548340.0,105083580.0,215313504
Brazil,2021-08-01,19880273.0,247830.0,555460.0,105292650.0,215313504
Brazil,2021-08-02,19880273.0,0.0,555460.0,105934725.0,215313504
Brazil,2021-08-03,19880273.0,0.0,555460.0,107137953.0,215313504
Brazil,2021-08-04,19880273.0,0.0,555460.0,108658469.0,215313504
Brazil,2021-08-05,19880273.0,0.0,555460.0,109745651.0,215313504
Brazil,2021-08-06,19880273.0,0.0,555460.0,110841845.0,215313504
Brazil,2021-08-07,19880273.0,0.0,555460.0,111342715.0,215313504
Brazil,2021-08-08,20108746.0,228473.0,561762.0,111566720.0,215313504
Brazil,2021-08-09,20108746.0,0.0,561762.0,112476618.0,215313504
Brazil,2021-08-10,20108746.0,0.0,561762.0,113880889.0,215313504
Brazil,2021-08-11,20108746.0,0.0,561762.0,115251518.0,215313504
Brazil,2021-08-12,20108746.0,0.0,561762.0,116780678.0,215313504
Brazil,2021-08-13,20108746.0,0.0,561762.0,118175020.0,215313504
Brazil,2021-08-14,20108746.0,0.0,561762.0,119132205.0,215313504
Brazil,2021-08-15,20319000.0,210254.0,567862.0,119504650.0,215313504
Brazil,2021-08-16,20319000.0,0.0,567862.0,120686544.0,215313504
Brazil,2021-08-17,20319000.0,0.0,567862.0,122541955.0,215313504
Brazil,2021-08-18,20319000.0,0.0,567862.0,123678883.0,215313504
Brazil,2021-08-19,20319000.0,0.0,567862.0,125160916.0,215313504
Brazil,2021-08-20,20319000.0,0.0,567862.0,126384146.0,215313504
Brazil,2021-08-21,20319000.0,0.0,567862.0,127168248.0,215313504
Brazil,2021-08-22,20528099.0,209099.0,573511.0,127600937.0,215313504
Brazil,2021-08-23,20528099.0,0.0,573511.0,128859272.0,215313504
Brazil,2021-08-24,20528099.0,0.0,573511.0,130267899.0,215313504
Brazil,2021-08-25,20528099.0,0.0,573511.0,131489509.0,215313504
Brazil,2021-08-26,20528099.0,0.0,573511.0,131918133.0,215313504
Brazil,2021-08-27,20528099.0,0.0,573511.0,132939921.0,215313504
Brazil,2021-08-28,20528099.0,0.0,573511.0,133608741.0,215313504
Brazil,2021-08-29,20703906.0,175807.0,578326.0,133947333.0,215313504
Brazil,2021-08-30,20703906.0,0.0,578326.0,134777145.0,215313504
Brazil,2021-08-31,20703906.0,0.0,578326.0,136127045.0,215313504
Brazil,2021-09-01,20703906.0,0.0,578326.0,137067385.0,215313504
Brazil,2021-09-02,20703906.0,0.0,578326.0,137897705.0,215313504
Brazil,2021-09-03,20703906.0,0.0,578326.0,138653061.0,215313504
Brazil,2021-09-04,20703906.0,0.0,578326.0,139039441.0,215313504
Brazil,2021-09-05,20856060.0,152154.0,582670.0,139210778.0,215313504
Brazil,2021-09-06,20856060.0,0.0,582670.0,139985523.0,215313504
Brazil,2021-09-07,20856060.0,0.0,582670.0,140218809.0,215313504
Brazil,2021-09-08,20856060.0,0.0,582670.0,140820674.0,215313504
Brazil,2021-09-09,20856060.0,0.0,582670.0,141565747.0,215313504
Brazil,2021-09-10,20856060.0,0.0,582670.0,142382292.0,215313504
Brazil,2021-09-11,20856060.0,0.0,582670.0,142798088.0,215313504
Brazil,2021-09-12,20974850.0,118790.0,585846.0,142983971.0,215313504
Brazil,2021-09-13,20974850.0,0.0,585846.0,143433748.0,215313504
Brazil,2021-09-14,20974850.0,0.0,585846.0,144100429.0,215313504
Brazil,2021-09-15,20974850.0,0.0,585846.0,144761529.0,215313504
Brazil,2021-09-16,20974850.0,0.0,585846.0,145238112.0,215313504
Brazil,2021-09-17,20974850.0,0.0,585846.0,146000277.0,215313504
Brazil,2021-09-18,20974850.0,0.0,585846.0,146371189.0,215313504
Brazil,2021-09-19,21080219.0,105369.0,589573.0,146553215.0,215313504
Brazil,2021-09-20,21080219.0,0.0,589573.0,146923305.0,215313504
Brazil,2021-09-21,21080219.0,0.0,589573.0,147473077.0,215313504
Brazil,2021-09-22,21080219.0,0.0,589573.0,147966925.0,215313504
Brazil,2021-09-23,21080219.0,0.0,589573.0,148510818.0,215313504
Brazil,2021-09-24,21080219.0,0.0,589573.0,148994474.0,215313504
Brazil,2021-09-25,21080219.0,0.0,589573.0,149386359.0,215313504
Brazil,2021-09-26,21327616.0,247397.0,593663.0,149565073.0,215313504
Brazil,2021-09-27,21327616.0,0.0,593663.0,149871708.0,215313504
Brazil,2021-09-28,21327616.0,0.0,593663.0,150382518.0,215313504
Brazil,2021-09-29,21327616.0,0.0,593663.0,150881737.0,215313504
Brazil,2021-09-30,21327616.0,0.0,593663.0,151420924.0,215313504
Brazil,2021-10-01,21327616.0,0.0,593663.0,151901209.0,215313504
Brazil,2021-10-02,21327616.0,0.0,593663.0,152166987.0,215313504
Brazil,2021-10-03,21445651.0,118035.0,597225.0,152277364.0,215313504
Brazil,2021-10-04,21445651.0,0.0,597225.0,152519888.0,215313504
Brazil,2021-10-05,21445651.0,0.0,597225.0,152926450.0,215313504
Brazil,2021-10-06,21445651.0,0.0,597225.0,153310124.0,215313504
Brazil,2021-10-07,21445651.0,0.0,597225.0,153699490.0,215313504
Brazil,2021-10-08,21445651.0,0.0,597225.0,154010913.0,215313504
Brazil,2021-10-09,21445651.0,0.0,597225.0,154181567.0,215313504
Brazil,2021-10-10,21550730.0,105079.0,600425.0,154292724.0,215313504
Brazil,2021-10-11,21550730.0,0.0,600425.0,154580496.0,215313504
Brazil,2021-10-12,21550730.0,0.0,600425.0,154693150.0,215313504
Brazil,2021-10-13,21550730.0,0.0,600425.0,154798792.0,215313504
Brazil,2021-10-14,21550730.0,0.0,600425.0,155526988.0,215313504
Brazil,2021-10-15,21550730.0,0.0,600425.0,156015804.0,215313504
Brazil,2021-10-16,21550730.0,0.0,600425.0,156313972.0,215313504
Brazil,2021-10-17,21627476.0,76746.0,602669.0,156420266.0,215313504
Brazil,2021-10-18,21627476.0,0.0,602669.0,156558619.0,215313504
Brazil,2021-10-19,21627476.0,0.0,602669.0,156892317.0,215313504
Brazil,2021-10-20,21627476.0,0.0,602669.0,157322792.0,215313504
Brazil,2021-10-21,21627476.0,0.0,602669.0,157475037.0,215313504
Brazil,2021-10-22,21627476.0,0.0,602669.0,157679997.0,215313504
Brazil,2021-10-23,21627476.0,0.0,602669.0,157810514.0,215313504
Brazil,2021-10-24,21711843.0,84367.0,605139.0,157986323.0,215313504
Brazil,2021-10-25,21711843.0,0.0,605139.0,158281322.0,215313504
Brazil,2021-10-26,21711843.0,0.0,605139.0,158619663.0,215313504
Brazil,2021-10-27,21711843.0,0.0,605139.0,158890656.0,215313504
Brazil,2021-10-28,21711843.0,0.0,605139.0,159171324.0,215313504
Brazil,2021-10-29,21711843.0,0.0,605139.0,159412919.0,215313504
Brazil,2021-10-30,21711843.0,0.0,605139.0,159518249.0,215313504
Brazil,2021-10-31,21793401.0,81558.0,607462.0,159589151.0,215313504
Brazil,2021-11-01,21793401.0,0.0,607462.0,159631476.0,215313504
Brazil,2021-11-02,21793401.0,0.0,607462.0,159667965.0,215313504
Brazil,2021-11-03,21793401.0,0.0,607462.0,159792323.0,215313504
Brazil,2021-11-04,21793401.0,0.0,607462.0,160056071.0,215313504
Brazil,2021-11-05,21793401.0,0.0,607462.0,160333906.0,215313504
Brazil,2021-11-06,21793401.0,0.0,607462.0,160423951.0,215313504
Brazil,2021-11-07,21862458.0,69057.0,609060.0,160707880.0,215313504
Brazil,2021-11-08,21862458.0,0.0,609060.0,160971992.0,215313504
Brazil,2021-11-09,21862458.0,0.0,609060.0,161179478.0,215313504
Brazil,2021-11-10,21862458.0,0.0,609060.0,161412780.0,215313504
Brazil,2021-11-11,21862458.0,0.0,609060.0,161690791.0,215313504
Brazil,2021-11-12,21862458.0,0.0,609060.0,161743151.0,215313504
Brazil,2021-11-13,21862458.0,0.0,609060.0,161814220.0,215313504
Brazil,2021-11-14,21939196.0,76738.0,610491.0,161908494.0,215313504
Brazil,2021-11-15,21939196.0,0.0,610491.0,161973124.0,215313504
Brazil,2021-11-16,21939196.0,0.0,610491.0,162028086.0,215313504
Brazil,2021-11-17,21939196.0,0.0,610491.0,162257537.0,215313504
Brazil,2021-11-18,21939196.0,0.0,610491.0,162397679.0,215313504
Brazil,2021-11-19,21939196.0,0.0,610491.0,162554502.0,215313504
Brazil,2021-11-20,21939196.0,0.0,610491.0,162688776.0,215313504
Brazil,2021-11-21,22003317.0,64121.0,612370.0,162812584.0,215313504
Brazil,2021-11-22,22003317.0,0.0,612370.0,162957786.0,215313504
Brazil,2021-11-23,22003317.0,0.0,612370.0,163108526.0,215313504
Brazil,2021-11-24,22003317.0,0.0,612370.0,163216460.0,215313504
Brazil,2021-11-25,22003317.0,0.0,612370.0,163342820.0,215313504
Brazil,2021-11-26,22003317.0,0.0,612370.0,163546806.0,215313504
Brazil,2021-11-27,22003317.0,0.0,612370.0,163607249.0,215313504
Brazil,2021-11-28,22067630.0,64313.0,613957.0,163684746.0,215313504
Brazil,2021-11-29,22067630.0,0.0,613957.0,163706613.0,215313504
Brazil,2021-11-30,22067630.0,0.0,613957.0,163926497.0,215313504
Brazil,2021-12-01,22067630.0,0.0,613957.0,164159539.0,215313504
Brazil,2021-12-02,22067630.0,0.0,613957.0,164290464.0,215313504
Brazil,2021-12-03,22067630.0,0.0,613957.0,164457496.0,215313504
Brazil,2021-12-04,22067630.0,0.0,613957.0,164543599.0,215313504
Brazil,2021-12-05,22129409.0,61779.0,615400.0,164589731.0,215313504
Brazil,2021-12-06,22129409.0,0.0,615400.0,164604790.0,215313504
Brazil,2021-12-07,22129409.0,0.0,615400.0,164711745.0,215313504
Brazil,2021-12-08,22129409.0,0.0,615400.0,164800426.0,215313504
Brazil,2021-12-09,22129409.0,0.0,615400.0,164914808.0,215313504
Brazil,2021-12-10,22129409.0,0.0,615400.0,,215313504
Brazil,2021-12-11,22129409.0,0.0,615400.0,,215313504
Brazil,2021-12-12,22184824.0,55415.0,616691.0,,215313504
Brazil,2021-12-13,22184824.0,0.0,616691.0,,215313504
Brazil,2021-12-14,22184824.0,0.0,616691.0,164933940.0,215313504
Brazil,2021-12-15,22184824.0,0.0,616691.0,165135181.0,215313504
Brazil,2021-12-16,22184824.0,0.0,616691.0,165279022.0,215313504
Brazil,2021-12-17,22184824.0,0.0,616691.0,165393977.0,215313504
Brazil,2021-12-18,22184824.0,0.0,616691.0,165409165.0,215313504
Brazil,2021-12-19,22209020.0,24196.0,617601.0,165417886.0,215313504
Brazil,2021-12-20,22209020.0,0.0,617601.0,165471288.0,215313504
Brazil,2021-12-21,22209020.0,0.0,617601.0,165554570.0,215313504
Brazil,2021-12-22,22209020.0,0.0,617601.0,165836442.0,215313504
Brazil,2021-12-23,22209020.0,0.0,617601.0,165894312.0,215313504
Brazil,2021-12-24,22209020.0,0.0,617601.0,,215313504
Brazil,2021-12-25,22209020.0,0.0,617601.0,,215313504
Brazil,2021-12-26,22230737.0,21717.0,618392.0,,215313504
Brazil,2021-12-27,22230737.0,0.0,618392.0,165952037.0,215313504
Brazil,2021-12-28,22230737.0,0.0,618392.0,166062249.0,215313504
Brazil,2021-12-29,22230737.0,0.0,618392.0,166143380.0,215313504
Brazil,2021-12-30,22230737.0,0.0,618392.0,166185628.0,215313504
Brazil,2021-12-31,22230737.0,0.0,618392.0,166195505.0,215313504
Brazil,2022-01-01,22230737.0,0.0,618392.0,166199307.0,215313504
Brazil,2022-01-02,22287521.0,56784.0,619056.0,166206716.0,215313504
Brazil,2022-01-03,22287521.0,0.0,619056.0,166320650.0,215313504
Brazil,2022-01-04,22287521.0,0.0,619056.0,166426973.0,215313504
Brazil,2022-01-05,22287521.0,0.0,619056.0,166475764.0,215313504
Brazil,2022-01-06,22287521.0,0.0,619056.0,,215313504
Brazil,2022-01-07,22287521.0,0.0,619056.0,,215313504
Brazil,2022-01-08,22287521.0,0.0,619056.0,,215313504
Brazil,2022-01-09,22450222.0,162701.0,619822.0,166618516.0,215313504
Brazil,2022-01-10,22450222.0,0.0,619822.0,166713275.0,215313504
Brazil,2022-01-11,22450222.0,0.0,619822.0,166769657.0,215313504
Brazil,2022-01-12,22450222.0,0.0,619822.0,166772188.0,215313504
Brazil,2022-01-13,22450222.0,0.0,619822.0,166833338.0,215313504
Brazil,2022-01-14,22450222.0,0.0,619822.0,166870347.0,215313504
Brazil,2022-01-15,22450222.0,0.0,619822.0,166909237.0,215313504
Brazil,2022-01-16,22927203.0,476981.0,620796.0,167093156.0,215313504
Brazil,2022-01-17,22927203.0,0.0,620796.0,167330250.0,215313504
Brazil,2022-01-18,22927203.0,0.0,620796.0,167385859.0,215313504
Brazil,2022-01-19,22927203.0,0.0,620796.0,167547304.0,215313504
Brazil,2022-01-20,22927203.0,0.0,620796.0,167751970.0,215313504
Brazil,2022-01-21,22927203.0,0.0,620796.0,167875050.0,215313504
Brazil,2022-01-22,22927203.0,0.0,620796.0,168014778.0,215313504
Brazil,2022-01-23,23751782.0,824579.0,622563.0,168090877.0,215313504
Brazil,2022-01-24,23751782.0,0.0,622563.0,168341120.0,215313504
Brazil,2022-01-25,23751782.0,0.0,622563.0,168546490.0,215313504
Brazil,2022-01-26,23751782.0,0.0,622563.0,168921071.0,215313504
Brazil,2022-01-27,23751782.0,0.0,622563.0,169261105.0,215313504
Brazil,2022-01-28,23751782.0,0.0,622563.0,169619416.0,215313504
Brazil,2022-01-29,23751782.0,0.0,622563.0,169825847.0,215313504
Brazil,2022-01-30,25034806.0,1283024.0,625884.0,169865538.0,215313504
Brazil,2022-01-31,25034806.0,0.0,625884.0,170322125.0,215313504
Brazil,2022-02-01,25034806.0,0.0,625884.0,170599221.0,215313504
Brazil,2022-02-02,25034806.0,0.0,625884.0,170911850.0,215313504
Brazil,2022-02-03,25034806.0,0.0,625884.0,171219037.0,215313504
Brazil,2022-02-04,25034806.0,0.0,625884.0,171783306.0,215313504
Brazil,2022-02-05,25034806.0,0.0,625884.0,172107474.0,215313504
Brazil,2022-02-06,26275831.0,1241025.0,630494.0,172186641.0,215313504
Brazil,2022-02-07,26275831.0,0.0,630494.0,172652514.0,215313504
Brazil,2022-02-08,26275831.0,0.0,630494.0,172885945.0,215313504
Brazil,2022-02-09,26275831.0,0.0,630494.0,172995877.0,215313504
Brazil,2022-02-10,26275831.0,0.0,630494.0,173402815.0,215313504
Brazil,2022-02-11,26275831.0,0.0,630494.0,173901090.0,215313504
Brazil,2022-02-12,26275831.0,0.0,630494.0,174117725.0,215313504
Brazil,2022-02-13,27285509.0,1009678.0,637152.0,174214439.0,215313504
Brazil,2022-02-14,27285509.0,0.0,637152.0,174420792.0,215313504
Brazil,2022-02-15,27285509.0,0.0,637152.0,174665423.0,215313504
Brazil,2022-02-16,27285509.0,0.0,637152.0,174949012.0,215313504
Brazil,2022-02-17,27285509.0,0.0,637152.0,175209007.0,215313504
Brazil,2022-02-18,27285509.0,0.0,637152.0,175933938.0,215313504
Brazil,2022-02-19,27285509.0,0.0,637152.0,176141497.0,215313504
Brazil,2022-02-20,28058862.0,773353.0,643029.0,176222268.0,215313504
Brazil,2022-02-21,28058862.0,0.0,643029.0,176406587.0,215313504
Brazil,2022-02-22,28058862.0,0.0,643029.0,176625569.0,215313504
Brazil,2022-02-23,28058862.0,0.0,643029.0,176920320.0,215313504
Brazil,2022-02-24,28058862.0,0.0,643029.0,177174489.0,215313504
Brazil,2022-02-25,28058862.0,0.0,643029.0,177448925.0,215313504
Brazil,2022-02-26,28058862.0,0.0,643029.0,177544796.0,215313504
Brazil,2022-02-27,28578647.0,519785.0,647390.0,177579708.0,215313504
Brazil,2022-02-28,28578647.0,0.0,647390.0,177742258.0,215313504
Brazil,2022-03-01,28578647.0,0.0,647390.0,177836868.0,215313504
Brazil,2022-03-02,28578647.0,0.0,647390.0,,215313504
Brazil,2022-03-03,28578647.0,0.0,647390.0,177987744.0,215313504
Brazil,2022-03-04,28578647.0,0.0,647390.0,178113009.0,215313504
Brazil,2022-03-05,28578647.0,0.0,647390.0,178203894.0,215313504
Brazil,2022-03-06,28973799.0,395152.0,651255.0,178245534.0,215313504
Brazil,2022-03-07,28973799.0,0.0,651255.0,178366451.0,215313504
Brazil,2022-03-08,28973799.0,0.0,651255.0,178486274.0,215313504
Brazil,2022-03-09,28973799.0,0.0,651255.0,178657742.0,215313504
Brazil,2022-03-10,28973799.0,0.0,651255.0,179288492.0,215313504
Brazil,2022-03-11,28973799.0,0.0,651255.0,179411783.0,215313504
Brazil,2022-03-12,28973799.0,0.0,651255.0,179715577.0,215313504
Brazil,2022-03-13,29305114.0,331315.0,654556.0,179754579.0,215313504
Brazil,2022-03-14,29305114.0,0.0,654556.0,179853602.0,215313504
Brazil,2022-03-15,29305114.0,0.0,654556.0,179913614.0,215313504
Brazil,2022-03-16,29305114.0,0.0,654556.0,180005705.0,215313504
Brazil,2022-03-17,29305114.0,0.0,654556.0,180093699.0,215313504
Brazil,2022-03-18,29305114.0,0.0,654556.0,180265232.0,215313504
Brazil,2022-03-19,29305114.0,0.0,654556.0,180341198.0,215313504
Brazil,2022-03-20,29573112.0,267998.0,656798.0,180360121.0,215313504
Brazil,2022-03-21,29573112.0,0.0,656798.0,180469257.0,215313504
Brazil,2022-03-22,29573112.0,0.0,656798.0,180523619.0,215313504
Brazil,2022-03-23,29573112.0,0.0,656798.0,180592464.0,215313504
Brazil,2022-03-24,29573112.0,0.0,656798.0,180653782.0,215313504
Brazil,2022-03-25,29573112.0,0.0,656798.0,180726798.0,215313504
Brazil,2022-03-26,29573112.0,0.0,656798.0,180757995.0,215313504
Brazil,2022-03-27,29802257.0,229145.0,658566.0,180800024.0,215313504
Brazil,2022-03-28,29802257.0,0.0,658566.0,180881628.0,215313504
Brazil,2022-03-29,29802257.0,0.0,658566.0,181078067.0,215313504
Brazil,2022-03-30,29802257.0,0.0,658566.0,181174361.0,215313504
Brazil,2022-03-31,29802257.0,0.0,658566.0,181233281.0,215313504
Brazil,2022-04-01,29802257.0,0.0,658566.0,,215313504
Brazil,2022-04-02,29802257.0,0.0,658566.0,,215313504
Brazil,2022-04-03,29975165.0,172908.0,660002.0,181342972.0,215313504
Brazil,2022-04-04,29975165.0,0.0,660002.0,181374540.0,215313504
Brazil,2022-04-05,29975165.0,0.0,660002.0,181451944.0,215313504
Brazil,2022-04-06,29975165.0,0.0,660002.0,181544315.0,215313504
Brazil,2022-04-07,29975165.0,0.0,660002.0,181596648.0,215313504
Brazil,2022-04-08,29975165.0,0.0,660002.0,181652995.0,215313504
Brazil,2022-04-09,29975165.0,0.0,660002.0,181687021.0,215313504
Brazil,2022-04-10,30123963.0,148798.0,661122.0,181702093.0,215313504
Brazil,2022-04-11,30123963.0,0.0,661122.0,181755180.0,215313504
Brazil,2022-04-12,30123963.0,0.0,661122.0,181810164.0,215313504
Brazil,2022-04-13,30123963.0,0.0,661122.0,181841381.0,215313504
Brazil,2022-04-14,30123963.0,0.0,661122.0,181894974.0,215313504
Brazil,2022-04-15,30123963.0,0.0,661122.0,,215313504
Brazil,2022-04-16,30123963.0,0.0,661122.0,,215313504
Brazil,2022-04-17,30247302.0,123339.0,661907.0,181975535.0,215313504
Brazil,2022-04-18,30247302.0,0.0,661907.0,182010643.0,215313504
Brazil,2022-04-19,30247302.0,0.0,661907.0,182287352.0,215313504
Brazil,2022-04-20,30247302.0,0.0,661907.0,182324186.0,215313504
Brazil,2022-04-21,30247302.0,0.0,661907.0,182365678.0,215313504
Brazil,2022-04-22,30247302.0,0.0,661907.0,,215313504
Brazil,2022-04-23,30247302.0,0.0,661907.0,182395741.0,215313504
Brazil,2022-04-24,30338697.0,91395.0,662557.0,182395817.0,215313504
Brazil,2022-04-25,30338697.0,0.0,662557.0,182426996.0,215313504
Brazil,2022-04-26,30338697.0,0.0,662557.0,182455170.0,215313504
Brazil,2022-04-27,30338697.0,0.0,662557.0,182519774.0,215313504
Brazil,2022-04-28,30338697.0,0.0,662557.0,182563727.0,215313504
Brazil,2022-04-29,30338697.0,0.0,662557.0,182599066.0,215313504
Brazil,2022-04-30,30338697.0,0.0,662557.0,,215313504
Brazil,2022-05-01,30433042.0,94345.0,663410.0,182623313.0,215313504
Brazil,2022-05-02,30433042.0,0.0,663410.0,182665767.0,215313504
Brazil,2022-05-03,30433042.0,0.0,663410.0,182707626.0,215313504
Brazil,2022-05-04,30433042.0,0.0,663410.0,182778371.0,215313504
Brazil,2022-05-05,30433042.0,0.0,663410.0,182800351.0,215313504
Brazil,2022-05-06,30433042.0,0.0,663410.0,182850462.0,215313504
Brazil,2022-05-07,30433042.0,0.0,663410.0,182860122.0,215313504
Brazil,2022-05-08,30543908.0,110866.0,664091.0,182871051.0,215313504
Brazil,2022-05-09,30543908.0,0.0,664091.0,182895357.0,215313504
Brazil,2022-05-10,30543908.0,0.0,664091.0,182912971.0,215313504
Brazil,2022-05-11,30543908.0,0.0,664091.0,183059675.0,215313504
Brazil,2022-05-12,30543908.0,0.0,664091.0,183119662.0,215313504
Brazil,2022-05-13,30543908.0,0.0,664091.0,183131850.0,215313504
Brazil,2022-05-14,30543908.0,0.0,664091.0,183134052.0,215313504
Brazil,2022-05-15,30664739.0,120831.0,664780.0,183135100.0,215313504
Brazil,2022-05-16,30664739.0,0.0,664780.0,183142928.0,215313504
Brazil,2022-05-17,30664739.0,0.0,664780.0,,215313504
Brazil,2022-05-18,30664739.0,0.0,664780.0,183205522.0,215313504
Brazil,2022-05-19,30664739.0,0.0,664780.0,183241820.0,215313504
Brazil,2022-05-20,30664739.0,0.0,664780.0,183251237.0,215313504
Brazil,2022-05-21,30664739.0,0.0,664780.0,183256110.0,215313504
Brazil,2022-05-22,30762413.0,97674.0,665493.0,,215313504
Brazil,2022-05-23,30762413.0,0.0,665493.0,,215313504
Brazil,2022-05-24,30762413.0,0.0,665493.0,,215313504
Brazil,2022-05-25,30762413.0,0.0,665493.0,,215313504
Brazil,2022-05-26,30762413.0,0.0,665493.0,183699529.0,215313504
Brazil,2022-05-27,30762413.0,0.0,665493.0,183815081.0,215313504
Brazil,2022-05-28,30762413.0,0.0,665493.0,183853208.0,215313504
Brazil,2022-05-29,30921145.0,158732.0,666319.0,183859105.0,215313504
Brazil,2022-05-30,30921145.0,0.0,666319.0,183885189.0,215313504
Brazil,2022-05-31,30921145.0,0.0,666319.0,183894671.0,215313504
Brazil,2022-06-01,30921145.0,0.0,666319.0,183925335.0,215313504
Brazil,2022-06-02,30921145.0,0.0,666319.0,,215313504
Brazil,2022-06-03,30921145.0,0.0,666319.0,184018923.0,215313504
Brazil,2022-06-04,30921145.0,0.0,666319.0,184062381.0,215313504
Brazil,2022-06-05,31137479.0,216334.0,666971.0,184077691.0,215313504
Brazil,2022-06-06,31137479.0,0.0,666971.0,184091855.0,215313504
Brazil,2022-06-07,31137479.0,0.0,666971.0,184130468.0,215313504
Brazil,2022-06-08,31137479.0,0.0,666971.0,184150383.0,215313504
Brazil,2022-06-09,31137479.0,0.0,666971.0,184254911.0,215313504
Brazil,2022-06-10,31137479.0,0.0,666971.0,,215313504
Brazil,2022-06-11,31137479.0,0.0,666971.0,184281808.0,215313504
Brazil,2022-06-12,31417341.0,279862.0,667960.0,184286899.0,215313504
Brazil,2022-06-13,31417341.0,0.0,667960.0,184298439.0,215313504
Brazil,2022-06-14,31417341.0,0.0,667960.0,184321008.0,215313504
Brazil,2022-06-15,31417341.0,0.0,667960.0,184337124.0,215313504
Brazil,2022-06-16,31417341.0,0.0,667960.0,184418250.0,215313504
Brazil,2022-06-17,31417341.0,0.0,667960.0,184424410.0,215313504
Brazil,2022-06-18,31417341.0,0.0,667960.0,184431840.0,215313504
Brazil,2022-06-19,31673375.0,256034.0,668916.0,184433745.0,215313504
Brazil,2022-06-20,31673375.0,0.0,668916.0,184456417.0,215313504
Brazil,2022-06-21,31673375.0,0.0,668916.0,184483215.0,215313504
Brazil,2022-06-22,31673375.0,0.0,668916.0,184509247.0,215313504
Brazil,2022-06-23,31673375.0,0.0,668916.0,184537975.0,215313504
Brazil,2022-06-24,31673375.0,0.0,668916.0,184552936.0,215313504
Brazil,2022-06-25,31673375.0,0.0,668916.0,184554559.0,215313504
Brazil,2022-06-26,32023166.0,349791.0,670229.0,184557755.0,215313504
Brazil,2022-06-27,32023166.0,0.0,670229.0,184574635.0,215313504
Brazil,2022-06-28,32023166.0,0.0,670229.0,,215313504
Brazil,2022-06-29,32023166.0,0.0,670229.0,184662547.0,215313504
Brazil,2022-06-30,32023166.0,0.0,670229.0,184682893.0,215313504
Brazil,2022-07-01,32023166.0,0.0,670229.0,184737131.0,215313504
Brazil,2022-07-02,32023166.0,0.0,670229.0,184748472.0,215313504
Brazil,2022-07-03,32434063.0,410897.0,671700.0,184764593.0,215313504
Brazil,2022-07-04,32434063.0,0.0,671700.0,184786423.0,215313504
Brazil,2022-07-05,32434063.0,0.0,671700.0,184808029.0,215313504
Brazil,2022-07-06,32434063.0,0.0,671700.0,,215313504
Brazil,2022-07-07,32434063.0,0.0,671700.0,184864012.0,215313504
Brazil,2022-07-08,32434063.0,0.0,671700.0,,215313504
Brazil,2022-07-09,32434063.0,0.0,671700.0,184886392.0,215313504
Brazil,2022-07-10,32830844.0,396781.0,673339.0,184888876.0,215313504
Brazil,2022-07-11,32830844.0,0.0,673339.0,184902655.0,215313504
Brazil,2022-07-12,32830844.0,0.0,673339.0,,215313504
Brazil,2022-07-13,32830844.0,0.0,673339.0,184922668.0,215313504
Brazil,2022-07-14,32830844.0,0.0,673339.0,184951661.0,215313504
Brazil,2022-07-15,32830844.0,0.0,673339.0,,215313504
Brazil,2022-07-16,32830844.0,0.0,673339.0,184973979.0,215313504
Brazil,2022-07-17,33250117.0,419273.0,675090.0,184976830.0,215313504
Brazil,2022-07-18,33250117.0,0.0,675090.0,,215313504
Brazil,2022-07-19,33250117.0,0.0,675090.0,,215313504
Brazil,2022-07-20,33250117.0,0.0,675090.0,,215313504
Brazil,2022-07-21,33250117.0,0.0,675090.0,,215313504
Brazil,2022-07-22,33250117.0,0.0,675090.0,,215313504
Brazil,2022-07-23,33250117.0,0.0,675090.0,,215313504
Brazil,2022-07-24,33505727.0,255610.0,676486.0,185208286.0,215313504
Brazil,2022-07-25,33505727.0,0.0,676486.0,,215313504
Brazil,2022-07-26,33505727.0,0.0,676486.0,,215313504
Brazil,2022-07-27,33505727.0,0.0,676486.0,,215313504
Brazil,2022-07-28,33505727.0,0.0,676486.0,,215313504
Brazil,2022-07-29,33505727.0,0.0,676486.0,,215313504
Brazil,2022-07-30,33505727.0,0.0,676486.0,,215313504
Brazil,2022-07-31,33790698.0,284971.0,678313.0,,215313504
Brazil,2022-08-01,33790698.0,0.0,678313.0,,215313504
Brazil,2022-08-02,33790698.0,0.0,678313.0,,215313504
Brazil,2022-08-03,33790698.0,0.0,678313.0,,215313504
Brazil,2022-08-04,33790698.0,0.0,678313.0,,215313504
Brazil,2022-08-05,33790698.0,0.0,678313.0,,215313504
Brazil,2022-08-06,33790698.0,0.0,678313.0,,215313504
Brazil,2022-08-07,33994470.0,203772.0,679758.0,,215313504
Brazil,2022-08-08,33994470.0,0.0,679758.0,185834527.0,215313504
Brazil,2022-08-09,33994470.0,0.0,679758.0,185856818.0,215313504
Brazil,2022-08-10,33994470.0,0.0,679758.0,185892530.0,215313504
Brazil,2022-08-11,33994470.0,0.0,679758.0,185920530.0,215313504
Brazil,2022-08-12,33994470.0,0.0,679758.0,185975699.0,215313504
Brazil,2022-08-13,33994470.0,0.0,679758.0,,215313504
Brazil,2022-08-14,34148131.0,153661.0,681253.0,185993496.0,215313504
Brazil,2022-08-15,34148131.0,0.0,681253.0,186014159.0,215313504
Brazil,2022-08-16,34148131.0,0.0,681253.0,,215313504
Brazil,2022-08-17,34148131.0,0.0,681253.0,,215313504
Brazil,2022-08-18,34148131.0,0.0,681253.0,186100433.0,215313504
Brazil,2022-08-19,34148131.0,0.0,681253.0,186112320.0,215313504
Brazil,2022-08-20,34148131.0,0.0,681253.0,186147547.0,215313504
Brazil,2022-08-21,34264237.0,116106.0,682358.0,186159303.0,215313504
Brazil,2022-08-22,34264237.0,0.0,682358.0,186176638.0,215313504
Brazil,2022-08-23,34264237.0,0.0,682358.0,186302961.0,215313504
Brazil,2022-08-24,34264237.0,0.0,682358.0,186358100.0,215313504
Brazil,2022-08-25,34264237.0,0.0,682358.0,186374962.0,215313504
Brazil,2022-08-26,34264237.0,0.0,682358.0,186397361.0,215313504
Brazil,2022-08-27,34264237.0,0.0,682358.0,186406003.0,215313504
Brazil,2022-08-28,34368909.0,104672.0,683397.0,186406388.0,215313504
Brazil,2022-08-29,34368909.0,0.0,683397.0,186476296.0,215313504
Brazil,2022-08-30,34368909.0,0.0,683397.0,186491119.0,215313504
Brazil,2022-08-31,34368909.0,0.0,683397.0,186519881.0,215313504
Brazil,2022-09-01,34368909.0,0.0,683397.0,186542426.0,215313504
Brazil,2022-09-02,34368909.0,0.0,683397.0,186558432.0,215313504
Brazil,2022-09-03,34368909.0,0.0,683397.0,186578811.0,215313504
Brazil,2022-09-04,34456145.0,87236.0,684262.0,186583216.0,215313504
Brazil,2022-09-05,34456145.0,0.0,684262.0,186590349.0,215313504
Brazil,2022-09-06,34456145.0,0.0,684262.0,186618522.0,215313504
Brazil,2022-09-07,34456145.0,0.0,684262.0,186624508.0,215313504
Brazil,2022-09-08,34456145.0,0.0,684262.0,186632925.0,215313504
Brazil,2022-09-09,34456145.0,0.0,684262.0,186656503.0,215313504
Brazil,2022-09-10,34456145.0,0.0,684262.0,186663841.0,215313504
Brazil,2022-09-11,34516739.0,60594.0,684813.0,186665783.0,215313504
Brazil,2022-09-12,34516739.0,0.0,684813.0,186674424.0,215313504
Brazil,2022-09-13,34516739.0,0.0,684813.0,186715084.0,215313504
Brazil,2022-09-14,34516739.0,0.0,684813.0,186735750.0,215313504
Brazil,2022-09-15,34516739.0,0.0,684813.0,186749395.0,215313504
Brazil,2022-09-16,34516739.0,0.0,684813.0,186763817.0,215313504
Brazil,2022-09-17,34516739.0,0.0,684813.0,186779155.0,215313504
Brazil,2022-09-18,34579085.0,62346.0,685300.0,186784356.0,215313504
Brazil,2022-09-19,34579085.0,0.0,685300.0,186794251.0,215313504
Brazil,2022-09-20,34579085.0,0.0,685300.0,186802634.0,215313504
Brazil,2022-09-21,34579085.0,0.0,685300.0,186822935.0,215313504
Brazil,2022-09-22,34579085.0,0.0,685300.0,,215313504
Brazil,2022-09-23,34579085.0,0.0,685300.0,186857554.0,215313504
Brazil,2022-09-24,34579085.0,0.0,685300.0,186866076.0,215313504
Brazil,2022-09-25,34624427.0,45342.0,685750.0,186868669.0,215313504
Brazil,2022-09-26,34624427.0,0.0,685750.0,187303916.0,215313504
Brazil,2022-09-27,34624427.0,0.0,685750.0,187313182.0,215313504
Brazil,2022-09-28,34624427.0,0.0,685750.0,187327659.0,215313504
Brazil,2022-09-29,34624427.0,0.0,685750.0,,215313504
Brazil,2022-09-30,34624427.0,0.0,685750.0,,215313504
Brazil,2022-10-01,34624427.0,0.0,685750.0,,215313504
Brazil,2022-10-02,34672524.0,48097.0,686036.0,,215313504
Brazil,2022-10-03,34672524.0,0.0,686036.0,,215313504
Brazil,2022-10-04,34672524.0,0.0,686036.0,,215313504
Brazil,2022-10-05,34672524.0,0.0,686036.0,,215313504
Brazil,2022-10-06,34672524.0,0.0,686036.0,,215313504
Brazil,2022-10-07,34672524.0,0.0,686036.0,187376439.0,215313504
Brazil,2022-10-08,34672524.0,0.0,686036.0,187376439.0,215313504
Brazil,2022-10-09,34715137.0,42613.0,686803.0,187376439.0,215313504
Brazil,2022-10-10,34715137.0,0.0,686803.0,187377009.0,215313504
Brazil,2022-10-11,34715137.0,0.0,686803.0,187377009.0,215313504
Brazil,2022-10-12,34715137.0,0.0,686803.0,,215313504
Brazil,2022-10-13,34715137.0,0.0,686803.0,187385383.0,215313504
Brazil,2022-10-14,34715137.0,0.0,686803.0,187385383.0,215313504
Brazil,2022-10-15,34715137.0,0.0,686803.0,187385383.0,215313504
Brazil,2022-10-16,34746462.0,31325.0,687144.0,187385383.0,215313504
Brazil,2022-10-17,34746462.0,0.0,687144.0,187385383.0,215313504
Brazil,2022-10-18,34746462.0,0.0,687144.0,187385670.0,215313504
Brazil,2022-10-19,34746462.0,0.0,687144.0,187385670.0,215313504
Brazil,2022-10-20,34746462.0,0.0,687144.0,187385670.0,215313504
Brazil,2022-10-21,34746462.0,0.0,687144.0,187385670.0,215313504
Brazil,2022-10-22,34746462.0,0.0,687144.0,187385670.0,215313504
Brazil,2022-10-23,34780642.0,34180.0,687527.0,187385670.0,215313504
Brazil,2022-10-24,34780642.0,0.0,687527.0,187385670.0,215313504
Brazil,2022-10-25,34780642.0,0.0,687527.0,187385670.0,215313504
Brazil,2022-10-26,34780642.0,0.0,687527.0,187385670.0,215313504
Brazil,2022-10-27,34780642.0,0.0,687527.0,187385670.0,215313504
Brazil,2022-10-28,34780642.0,0.0,687527.0,187385670.0,215313504
Brazil,2022-10-29,34780642.0,0.0,687527.0,,215313504
Brazil,2022-10-30,34822227.0,41585.0,688080.0,,215313504
Brazil,2022-10-31,34822227.0,0.0,688080.0,187385670.0,215313504
Brazil,2022-11-01,34822227.0,0.0,688080.0,187385670.0,215313504
Brazil,2022-11-02,34822227.0,0.0,688080.0,187385670.0,215313504
Brazil,2022-11-03,34822227.0,0.0,688080.0,,215313504
Brazil,2022-11-04,34822227.0,0.0,688080.0,187397453.0,215313504
Brazil,2022-11-05,34822227.0,0.0,688080.0,,215313504
Brazil,2022-11-06,34849063.0,26836.0,688332.0,,215313504
Brazil,2022-11-07,34849063.0,0.0,688332.0,,215313504
Brazil,2022-11-08,34849063.0,0.0,688332.0,,215313504
Brazil,2022-11-09,34849063.0,0.0,688332.0,187399523.0,215313504
Brazil,2022-11-10,34849063.0,0.0,688332.0,,215313504
Brazil,2022-11-11,34849063.0,0.0,688332.0,187399523.0,215313504
Brazil,2022-11-12,34849063.0,0.0,688332.0,,215313504
Brazil,2022-11-13,34908198.0,59135.0,688656.0,,215313504
Brazil,2022-11-14,34908198.0,0.0,688656.0,187399523.0,215313504
Brazil,2022-11-15,34908198.0,0.0,688656.0,,215313504
Brazil,2022-11-16,34908198.0,0.0,688656.0,187678650.0,215313504
Brazil,2022-11-17,34908198.0,0.0,688656.0,,215313504
Brazil,2022-11-18,34908198.0,0.0,688656.0,187678650.0,215313504
Brazil,2022-11-19,34908198.0,0.0,688656.0,187678650.0,215313504
Brazil,2022-11-20,34999495.0,91297.0,688907.0,187678650.0,215313504
Brazil,2022-11-21,34999495.0,0.0,688907.0,187678650.0,215313504
Brazil,2022-11-22,34999495.0,0.0,688907.0,187678650.0,215313504
Brazil,2022-11-23,34999495.0,0.0,688907.0,187678650.0,215313504
Brazil,2022-11-24,34999495.0,0.0,688907.0,187678650.0,215313504
Brazil,2022-11-25,34999495.0,0.0,688907.0,187678650.0,215313504
Brazil,2022-11-26,34999495.0,0.0,688907.0,187678650.0,215313504
Brazil,2022-11-27,35149503.0,150008.0,689442.0,187678650.0,215313504
Brazil,2022-11-28,35149503.0,0.0,689442.0,,215313504
Brazil,2022-11-29,35149503.0,0.0,689442.0,187998595.0,215313504
Brazil,2022-11-30,35149503.0,0.0,689442.0,188048984.0,215313504
Brazil,2022-12-01,35149503.0,0.0,689442.0,188065384.0,215313504
Brazil,2022-12-02,35149503.0,0.0,689442.0,,215313504
Brazil,2022-12-03,35149503.0,0.0,689442.0,188075040.0,215313504
Brazil,2022-12-04,35337546.0,188043.0,690074.0,188077016.0,215313504
Brazil,2022-12-05,35337546.0,0.0,690074.0,188083919.0,215313504
Brazil,2022-12-06,35337546.0,0.0,690074.0,,215313504
Brazil,2022-12-07,35337546.0,0.0,690074.0,188104952.0,215313504
Brazil,2022-12-08,35337546.0,0.0,690074.0,,215313504
Brazil,2022-12-09,35337546.0,0.0,690074.0,188112150.0,215313504
Brazil,2022-12-10,35337546.0,0.0,690074.0,188116781.0,215313504
Brazil,2022-12-11,35531716.0,194170.0,690677.0,188118034.0,215313504
Brazil,2022-12-12,35531716.0,0.0,690677.0,188125449.0,215313504
Brazil,2022-12-13,35531716.0,0.0,690677.0,188132532.0,215313504
Brazil,2022-12-14,35531716.0,0.0,690677.0,,215313504
Brazil,2022-12-15,35531716.0,0.0,690677.0,188133937.0,215313504
Brazil,2022-12-16,35531716.0,0.0,690677.0,188305261.0,215313504
Brazil,2022-12-17,35531716.0,0.0,690677.0,188309744.0,215313504
Brazil,2022-12-18,35869526.0,337810.0,691810.0,188522819.0,215313504
Brazil,2022-12-19,35869526.0,0.0,691810.0,,215313504
Brazil,2022-12-20,35869526.0,0.0,691810.0,188527208.0,215313504
Brazil,2022-12-21,35869526.0,0.0,691810.0,,215313504
Brazil,2022-12-22,35869526.0,0.0,691810.0,188531378.0,215313504
Brazil,2022-12-23,35869526.0,0.0,691810.0,188531674.0,215313504
Brazil,2022-12-24,35869526.0,0.0,691810.0,188540709.0,215313504
Brazil,2022-12-25,36124337.0,254811.0,692743.0,188543080.0,215313504
Brazil,2022-12-26,36124337.0,0.0,692743.0,188543313.0,215313504
Brazil,2022-12-27,36124337.0,0.0,692743.0,188549744.0,215313504
Brazil,2022-12-28,36124337.0,0.0,692743.0,,215313504
Brazil,2022-12-29,36124337.0,0.0,692743.0,188552661.0,215313504
Brazil,2022-12-30,36124337.0,0.0,692743.0,188553047.0,215313504
Brazil,2022-12-31,36124337.0,0.0,692743.0,188553932.0,215313504
Brazil,2023-01-01,36331281.0,206944.0,693853.0,188553963.0,215313504
Brazil,2023-01-02,36331281.0,0.0,693853.0,,215313504
Brazil,2023-01-03,36331281.0,0.0,693853.0,188564151.0,215313504
Brazil,2023-01-04,36331281.0,0.0,693853.0,188566405.0,215313504
Brazil,2023-01-05,36331281.0,0.0,693853.0,,215313504
Brazil,2023-01-06,36331281.0,0.0,693853.0,188808652.0,215313504
Brazil,2023-01-07,36331281.0,0.0,693853.0,188815642.0,215313504
Brazil,2023-01-08,36477214.0,145933.0,694779.0,188819345.0,215313504
Brazil,2023-01-09,36477214.0,0.0,694779.0,188819368.0,215313504
Brazil,2023-01-10,36477214.0,0.0,694779.0,188819559.0,215313504
Brazil,2023-01-11,36477214.0,0.0,694779.0,188820856.0,215313504
Brazil,2023-01-12,36477214.0,0.0,694779.0,188821214.0,215313504
Brazil,2023-01-13,36477214.0,0.0,694779.0,188821563.0,215313504
Brazil,2023-01-14,36477214.0,0.0,694779.0,188821768.0,215313504
Brazil,2023-01-15,36597935.0,120721.0,695236.0,188821957.0,215313504
Brazil,2023-01-16,36597935.0,0.0,695236.0,188821982.0,215313504
Brazil,2023-01-17,36597935.0,0.0,695236.0,188943731.0,215313504
Brazil,2023-01-18,36597935.0,0.0,695236.0,188944039.0,215313504
Brazil,2023-01-19,36597935.0,0.0,695236.0,188944306.0,215313504
Brazil,2023-01-20,36597935.0,0.0,695236.0,,215313504
Brazil,2023-01-21,36597935.0,0.0,695236.0,188953216.0,215313504
Brazil,2023-01-22,36712851.0,114916.0,696188.0,188953257.0,215313504
Brazil,2023-01-23,36712851.0,0.0,696188.0,,215313504
Brazil,2023-01-24,36712851.0,0.0,696188.0,188953386.0,215313504
Brazil,2023-01-25,36712851.0,0.0,696188.0,189041040.0,215313504
Brazil,2023-01-26,36712851.0,0.0,696188.0,189044894.0,215313504
Brazil,2023-01-27,36712851.0,0.0,696188.0,189046880.0,215313504
Brazil,2023-01-28,36712851.0,0.0,696188.0,189047042.0,215313504
Brazil,2023-01-29,36791267.0,78416.0,696742.0,189047050.0,215313504
Brazil,2023-01-30,36791267.0,0.0,696742.0,,215313504
Brazil,2023-01-31,36791267.0,0.0,696742.0,189047444.0,215313504
Brazil,2023-02-01,36791267.0,0.0,696742.0,,215313504
Brazil,2023-02-02,36791267.0,0.0,696742.0,189052588.0,215313504
Brazil,2023-02-03,36791267.0,0.0,696742.0,189086622.0,215313504
Brazil,2023-02-04,36791267.0,0.0,696742.0,189086800.0,215313504
Brazil,2023-02-05,36866658.0,75391.0,697345.0,189087256.0,215313504
Brazil,2023-02-06,36866658.0,0.0,697345.0,,215313504
Brazil,2023-02-07,36866658.0,0.0,697345.0,189096899.0,215313504
Brazil,2023-02-08,36866658.0,0.0,697345.0,189097459.0,215313504
Brazil,2023-02-09,36866658.0,0.0,697345.0,,215313504
Brazil,2023-02-10,36866658.0,0.0,697345.0,,215313504
Brazil,2023-02-11,36866658.0,0.0,697345.0,189146039.0,215313504
Brazil,2023-02-12,36930339.0,63681.0,697662.0,,215313504
Brazil,2023-02-13,36930339.0,0.0,697662.0,189162407.0,215313504
Brazil,2023-02-14,36930339.0,0.0,697662.0,189162761.0,215313504
Brazil,2023-02-15,36930339.0,0.0,697662.0,189170510.0,215313504
Brazil,2023-02-16,36930339.0,0.0,697662.0,189170568.0,215313504
Brazil,2023-02-17,36930339.0,0.0,697662.0,189171357.0,215313504
Brazil,2023-02-18,36930339.0,0.0,697662.0,,215313504
Brazil,2023-02-19,36987682.0,57343.0,698047.0,189171428.0,215313504
Brazil,2023-02-20,36987682.0,0.0,698047.0,189171452.0,215313504
Brazil,2023-02-21,36987682.0,0.0,698047.0,189314041.0,215313504
Brazil,2023-02-22,36987682.0,0.0,698047.0,,215313504
Brazil,2023-02-23,36987682.0,0.0,698047.0,,215313504
Brazil,2023-02-24,36987682.0,0.0,698047.0,189314745.0,215313504
Brazil,2023-02-25,36987682.0,0.0,698047.0,,215313504
Brazil,2023-02-26,37020531.0,32849.0,698928.0,189315252.0,215313504
Brazil,2023-02-27,37020531.0,0.0,698928.0,,215313504
Brazil,2023-02-28,37020531.0,0.0,698928.0,189377950.0,215313504
Brazil,2023-03-01,37020531.0,0.0,698928.0,,215313504
Brazil,2023-03-02,37020531.0,0.0,698928.0,189385794.0,215313504
Brazil,2023-03-03,37020531.0,0.0,698928.0,189393744.0,215313504
Brazil,2023-03-04,37020531.0,0.0,698928.0,189394362.0,215313504
Brazil,2023-03-05,37076053.0,55522.0,699276.0,189394389.0,215313504
Brazil,2023-03-06,37076053.0,0.0,699276.0,,215313504
Brazil,2023-03-07,37076053.0,0.0,699276.0,189394850.0,215313504
Brazil,2023-03-08,37076053.0,0.0,699276.0,189395212.0,215313504
Brazil,2023-03-09,37076053.0,0.0,699276.0,,215313504
Brazil,2023-03-10,37076053.0,0.0,699276.0,189442944.0,215313504
Brazil,2023-03-11,37076053.0,0.0,699276.0,189553754.0,215313504
Brazil,2023-03-12,37085520.0,9467.0,699310.0,,215313504
Brazil,2023-03-13,37085520.0,0.0,699310.0,189559262.0,215313504
Brazil,2023-03-14,37085520.0,0.0,699310.0,189603432.0,215313504
Brazil,2023-03-15,37085520.0,0.0,699310.0,,215313504
Brazil,2023-03-16,37085520.0,0.0,699310.0,189603842.0,215313504
Brazil,2023-03-17,37085520.0,0.0,699310.0,,215313504
Brazil,2023-03-18,37085520.0,0.0,699310.0,189628276.0,215313504
Brazil,2023-03-19,37145514.0,59994.0,699634.0,189628646.0,215313504
Brazil,2023-03-20,37145514.0,0.0,699634.0,,215313504
Brazil,2023-03-21,37145514.0,0.0,699634.0,189637992.0,215313504
Brazil,2023-03-22,37145514.0,0.0,699634.0,189643431.0,215313504
Brazil,2023-03-23,37145514.0,0.0,699634.0,,215313504
Brazil,2023-03-24,37145514.0,0.0,699634.0,,215313504
Brazil,2023-03-25,37145514.0,0.0,699634.0,,215313504
Brazil,2023-03-26,37204677.0,59163.0,699917.0,,215313504
Brazil,2023-03-27,37204677.0,0.0,699917.0,,215313504
Brazil,2023-03-28,37204677.0,0.0,699917.0,,215313504
Brazil,2023-03-29,37204677.0,0.0,699917.0,,215313504
Brazil,2023-03-30,37204677.0,0.0,699917.0,,215313504
Brazil,2023-03-31,37204677.0,0.0,699917.0,,215313504
Brazil,2023-04-01,37204677.0,0.0,699917.0,,215313504
Brazil,2023-04-02,37258663.0,53986.0,700239.0,,215313504
Brazil,2023-04-03,37258663.0,0.0,700239.0,,215313504
Brazil,2023-04-04,37258663.0,0.0,700239.0,,215313504
Brazil,2023-04-05,37258663.0,0.0,700239.0,,215313504
Brazil,2023-04-06,37258663.0,0.0,700239.0,,215313504
Brazil,2023-04-07,37258663.0,0.0,700239.0,,215313504
Brazil,2023-04-08,37258663.0,0.0,700239.0,,215313504
Brazil,2023-04-09,37319254.0,60591.0,700556.0,,215313504
Brazil,2023-04-10,37319254.0,0.0,700556.0,,215313504
Brazil,2023-04-11,37319254.0,0.0,700556.0,,215313504
Brazil,2023-04-12,37319254.0,0.0,700556.0,,215313504
Brazil,2023-04-13,37319254.0,0.0,700556.0,,215313504
Brazil,2023-04-14,37319254.0,0.0,700556.0,,215313504
Brazil,2023-04-15,37319254.0,0.0,700556.0,,215313504
Brazil,2023-04-16,37358092.0,38838.0,700811.0,,215313504
Brazil,2023-04-17,37358092.0,0.0,700811.0,,215313504
Brazil,2023-04-18,37358092.0,0.0,700811.0,,215313504
Brazil,2023-04-19,37358092.0,0.0,700811.0,,215313504
Brazil,2023-04-20,37358092.0,0.0,700811.0,,215313504
Brazil,2023-04-21,37358092.0,0.0,700811.0,,215313504
Brazil,2023-04-22,37358092.0,0.0,700811.0,,215313504
Brazil,2023-04-23,37407232.0,49140.0,701215.0,,215313504
Brazil,2023-04-24,37407232.0,0.0,701215.0,,215313504
Brazil,2023-04-25,37407232.0,0.0,701215.0,,215313504
Brazil,2023-04-26,37407232.0,0.0,701215.0,,215313504
Brazil,2023-04-27,37407232.0,0.0,701215.0,,215313504
Brazil,2023-04-28,37407232.0,0.0,701215.0,,215313504
Brazil,2023-04-29,37407232.0,0.0,701215.0,,215313504
Brazil,2023-04-30,37449418.0,42186.0,701494.0,,215313504
Brazil,2023-05-01,37449418.0,0.0,701494.0,,215313504
Brazil,2023-05-02,37449418.0,0.0,701494.0,,215313504
Brazil,2023-05-03,37449418.0,0.0,701494.0,,215313504
Brazil,2023-05-04,37449418.0,0.0,701494.0,,215313504
Brazil,2023-05-05,37449418.0,0.0,701494.0,,215313504
Brazil,2023-05-06,37449418.0,0.0,701494.0,,215313504
Brazil,2023-05-07,37487971.0,38553.0,701833.0,,215313504
Brazil,2023-05-08,37487971.0,0.0,701833.0,,215313504
Brazil,2023-05-09,37487971.0,0.0,701833.0,,215313504
Brazil,2023-05-10,37487971.0,0.0,701833.0,,215313504
Brazil,2023-05-11,37487971.0,0.0,701833.0,,215313504
Brazil,2023-05-12,37487971.0,0.0,701833.0,,215313504
Brazil,2023-05-13,37487971.0,0.0,701833.0,,215313504
Brazil,2023-05-14,37511921.0,23950.0,702116.0,,215313504
Brazil,2023-05-15,37511921.0,0.0,702116.0,,215313504
Brazil,2023-05-16,37511921.0,0.0,702116.0,,215313504
Brazil,2023-05-17,37511921.0,0.0,702116.0,,215313504
Brazil,2023-05-18,37511921.0,0.0,702116.0,,215313504
Brazil,2023-05-19,37511921.0,0.0,702116.0,,215313504
Brazil,2023-05-20,37511921.0,0.0,702116.0,,215313504
Brazil,2023-05-21,37511921.0,0.0,702116.0,,215313504
Brazil,2023-05-22,37511921.0,0.0,702116.0,,215313504
Brazil,2023-05-23,37511921.0,0.0,702116.0,,215313504
Brazil,2023-05-24,37511921.0,0.0,702116.0,,215313504
Brazil,2023-05-25,37511921.0,0.0,702116.0,,215313504
Brazil,2023-05-26,37511921.0,0.0,702116.0,,215313504
Brazil,2023-05-27,37511921.0,0.0,702116.0,,215313504
Brazil,2023-05-28,37511921.0,0.0,702116.0,,215313504
Brazil,2023-05-29,37511921.0,0.0,702116.0,,215313504
Brazil,2023-05-30,37511921.0,0.0,702116.0,,215313504
Brazil,2023-05-31,37511921.0,0.0,702116.0,,215313504
Brazil,2023-06-01,37511921.0,0.0,702116.0,,215313504
Brazil,2023-06-02,37511921.0,0.0,702116.0,,215313504
Brazil,2023-06-03,37511921.0,0.0,702116.0,,215313504
Brazil,2023-06-04,37511921.0,0.0,702116.0,,215313504
Brazil,2023-06-05,37511921.0,0.0,702116.0,,215313504
Brazil,2023-06-06,37511921.0,0.0,702116.0,,215313504
Brazil,2023-06-07,37511921.0,0.0,702116.0,,215313504
Brazil,2023-06-08,37511921.0,0.0,702116.0,,215313504
Brazil,2023-06-09,37511921.0,0.0,702116.0,,215313504
Brazil,2023-06-10,37511921.0,0.0,702116.0,,215313504
Brazil,2023-06-11,37511921.0,0.0,702116.0,,215313504
Brazil,2023-06-12,37511921.0,0.0,702116.0,,215313504
Brazil,2023-06-13,37511921.0,0.0,702116.0,,215313504
Brazil,2023-06-14,37511921.0,0.0,702116.0,,215313504
Brazil,2023-06-15,37511921.0,0.0,702116.0,,215313504
Brazil,2023-06-16,37511921.0,0.0,702116.0,,215313504
Brazil,2023-06-17,37511921.0,0.0,702116.0,,215313504
Brazil,2023-06-18,37511921.0,0.0,702116.0,,215313504
Brazil,2023-06-19,37511921.0,0.0,702116.0,,215313504
Brazil,2023-06-20,37511921.0,0.0,702116.0,,215313504
Brazil,2023-06-21,37511921.0,0.0,702116.0,,215313504
Brazil,2023-06-22,37511921.0,0.0,702116.0,,215313504
Brazil,2023-06-23,37511921.0,0.0,702116.0,,215313504
Brazil,2023-06-24,37511921.0,0.0,702116.0,,215313504
Brazil,2023-06-25,37511921.0,0.0,702116.0,,215313504
Brazil,2023-06-26,37511921.0,0.0,702116.0,,215313504
Brazil,2023-06-27,37511921.0,0.0,702116.0,,215313504
Brazil,2023-06-28,37511921.0,0.0,702116.0,,215313504
Brazil,2023-06-29,37511921.0,0.0,702116.0,,215313504
Brazil,2023-06-30,37511921.0,0.0,702116.0,,215313504
Brazil,2023-07-01,37511921.0,0.0,702116.0,,215313504
Brazil,2023-07-02,37511921.0,0.0,702116.0,,215313504
Brazil,2023-07-03,37511921.0,0.0,702116.0,,215313504
Brazil,2023-07-04,37511921.0,0.0,702116.0,,215313504
Brazil,2023-07-05,37511921.0,0.0,702116.0,,215313504
Brazil,2023-07-06,37511921.0,0.0,702116.0,,215313504
Brazil,2023-07-07,37511921.0,0.0,702116.0,,215313504
Brazil,2023-07-08,37511921.0,0.0,702116.0,,215313504
Brazil,2023-07-09,37511921.0,0.0,702116.0,,215313504
Brazil,2023-07-10,37511921.0,0.0,702116.0,,215313504
Brazil,2023-07-11,37511921.0,0.0,702116.0,,215313504
Brazil,2023-07-12,37511921.0,0.0,702116.0,,215313504
Brazil,2023-07-13,37511921.0,0.0,702116.0,,215313504
Brazil,2023-07-14,37511921.0,0.0,702116.0,,215313504
Brazil,2023-07-15,37511921.0,0.0,702116.0,,215313504
Brazil,2023-07-16,37511921.0,0.0,702116.0,,215313504
Brazil,2023-07-17,37511921.0,0.0,702116.0,,215313504
Brazil,2023-07-18,37511921.0,0.0,702116.0,,215313504
Brazil,2023-07-19,37511921.0,0.0,702116.0,,215313504
Brazil,2023-07-20,37511921.0,0.0,702116.0,,215313504
Brazil,2023-07-21,37511921.0,0.0,702116.0,,215313504
Brazil,2023-07-22,37511921.0,0.0,702116.0,,215313504
Brazil,2023-07-23,37511921.0,0.0,702116.0,,215313504
Brazil,2023-07-24,37511921.0,0.0,702116.0,,215313504
Brazil,2023-07-25,37511921.0,0.0,702116.0,,215313504
Brazil,2023-07-26,37511921.0,0.0,702116.0,,215313504
Brazil,2023-07-27,37511921.0,0.0,702116.0,,215313504
Brazil,2023-07-28,37511921.0,0.0,702116.0,,215313504
Brazil,2023-07-29,37511921.0,0.0,702116.0,,215313504
Brazil,2023-07-30,37511921.0,0.0,702116.0,,215313504
Brazil,2023-07-31,37511921.0,0.0,702116.0,,215313504
Brazil,2023-08-01,37511921.0,0.0,702116.0,,215313504
Brazil,2023-08-02,37511921.0,0.0,702116.0,,215313504
Brazil,2023-08-03,37511921.0,0.0,702116.0,,215313504
Brazil,2023-08-04,37511921.0,0.0,702116.0,,215313504
Brazil,2023-08-05,37511921.0,0.0,702116.0,,215313504
Brazil,2023-08-06,37511921.0,0.0,702116.0,,215313504
Brazil,2023-08-07,37511921.0,0.0,702116.0,,215313504
Brazil,2023-08-08,37511921.0,0.0,702116.0,,215313504
Brazil,2023-08-09,37511921.0,0.0,702116.0,,215313504
Brazil,2023-08-10,37511921.0,0.0,702116.0,,215313504
Brazil,2023-08-11,37511921.0,0.0,702116.0,,215313504
Brazil,2023-08-12,37511921.0,0.0,702116.0,,215313504
Brazil,2023-08-13,37511921.0,0.0,702116.0,,215313504
Brazil,2023-08-14,37511921.0,0.0,702116.0,,215313504
Brazil,2023-08-15,37511921.0,0.0,702116.0,,215313504
Brazil,2023-08-16,37511921.0,0.0,702116.0,,215313504
Brazil,2023-08-17,37511921.0,0.0,702116.0,,215313504
Brazil,2023-08-18,37511921.0,0.0,702116.0,,215313504
Brazil,2023-08-19,37511921.0,0.0,702116.0,,215313504
Brazil,2023-08-20,37511921.0,0.0,702116.0,,215313504
Brazil,2023-08-21,37511921.0,0.0,702116.0,,215313504
Brazil,2023-08-22,37511921.0,0.0,702116.0,,215313504
Brazil,2023-08-23,37511921.0,0.0,702116.0,,215313504
Brazil,2023-08-24,37511921.0,0.0,702116.0,,215313504
Brazil,2023-08-25,37511921.0,0.0,702116.0,,215313504
Brazil,2023-08-26,37511921.0,0.0,702116.0,,215313504
Brazil,2023-08-27,37511921.0,0.0,702116.0,,215313504
Brazil,2023-08-28,37511921.0,0.0,702116.0,,215313504
Brazil,2023-08-29,37511921.0,0.0,702116.0,,215313504
Brazil,2023-08-30,37511921.0,0.0,702116.0,,215313504
Brazil,2023-08-31,37511921.0,0.0,702116.0,,215313504
Brazil,2023-09-01,37511921.0,0.0,702116.0,,215313504
Brazil,2023-09-02,37511921.0,0.0,702116.0,,215313504
Brazil,2023-09-03,37511921.0,0.0,702116.0,,215313504
Brazil,2023-09-04,37511921.0,0.0,702116.0,,215313504
Brazil,2023-09-05,37511921.0,0.0,702116.0,,215313504
Brazil,2023-09-06,37511921.0,0.0,702116.0,,215313504
Brazil,2023-09-07,37511921.0,0.0,702116.0,,215313504
Brazil,2023-09-08,37511921.0,0.0,702116.0,,215313504
Brazil,2023-09-09,37511921.0,0.0,702116.0,,215313504
Brazil,2023-09-10,37511921.0,0.0,702116.0,,215313504
Brazil,2023-09-11,37511921.0,0.0,702116.0,,215313504
Brazil,2023-09-12,37511921.0,0.0,702116.0,,215313504
Brazil,2023-09-13,37511921.0,0.0,702116.0,,215313504
Brazil,2023-09-14,37511921.0,0.0,702116.0,,215313504
Brazil,2023-09-15,37511921.0,0.0,702116.0,,215313504
Brazil,2023-09-16,37511921.0,0.0,702116.0,,215313504
Brazil,2023-09-17,37511921.0,0.0,702116.0,,215313504
Brazil,2023-09-18,37511921.0,0.0,702116.0,,215313504
Brazil,2023-09-19,37511921.0,0.0,702116.0,,215313504
Brazil,2023-09-20,37511921.0,0.0,702116.0,,215313504
Brazil,2023-09-21,37511921.0,0.0,702116.0,,215313504
Brazil,2023-09-22,37511921.0,0.0,702116.0,,215313504
Brazil,2023-09-23,37511921.0,0.0,702116.0,,215313504
Brazil,2023-09-24,37511921.0,0.0,702116.0,,215313504
Brazil,2023-09-25,37511921.0,0.0,702116.0,,215313504
Brazil,2023-09-26,37511921.0,0.0,702116.0,,215313504
Brazil,2023-09-27,37511921.0,0.0,702116.0,,215313504
Brazil,2023-09-28,37511921.0,0.0,702116.0,,215313504
Brazil,2023-09-29,37511921.0,0.0,702116.0,,215313504
Brazil,2023-09-30,37511921.0,0.0,702116.0,,215313504
Brazil,2023-10-01,37511921.0,0.0,702116.0,,215313504
Brazil,2023-10-02,37511921.0,0.0,702116.0,,215313504
Brazil,2023-10-03,37511921.0,0.0,702116.0,,215313504
Brazil,2023-10-04,37511921.0,0.0,702116.0,,215313504
Brazil,2023-10-05,37511921.0,0.0,702116.0,,215313504
Brazil,2023-10-06,37511921.0,0.0,702116.0,,215313504
Brazil,2023-10-07,37511921.0,0.0,702116.0,,215313504
Brazil,2023-10-08,37511921.0,0.0,702116.0,,215313504
Brazil,2023-10-09,37511921.0,0.0,702116.0,,215313504
Brazil,2023-10-10,37511921.0,0.0,702116.0,,215313504
Brazil,2023-10-11,37511921.0,0.0,702116.0,,215313504
Brazil,2023-10-12,37511921.0,0.0,702116.0,,215313504
Brazil,2023-10-13,37511921.0,0.0,702116.0,,215313504
Brazil,2023-10-14,37511921.0,0.0,702116.0,,215313504
Brazil,2023-10-15,37511921.0,0.0,702116.0,,215313504
Brazil,2023-10-16,37511921.0,0.0,702116.0,,215313504
Brazil,2023-10-17,37511921.0,0.0,702116.0,,215313504
Brazil,2023-10-18,37511921.0,0.0,702116.0,,215313504
Brazil,2023-10-19,37511921.0,0.0,702116.0,,215313504
Brazil,2023-10-20,37511921.0,0.0,702116.0,,215313504
Brazil,2023-10-21,37511921.0,0.0,702116.0,,215313504
Brazil,2023-10-22,37511921.0,0.0,702116.0,,215313504
Brazil,2023-10-23,37511921.0,0.0,702116.0,,215313504
Brazil,2023-10-24,37511921.0,0.0,702116.0,,215313504
Brazil,2023-10-25,37511921.0,0.0,702116.0,,215313504
Brazil,2023-10-26,37511921.0,0.0,702116.0,,215313504
Brazil,2023-10-27,37511921.0,0.0,702116.0,,215313504
Brazil,2023-10-28,37511921.0,0.0,702116.0,,215313504
Brazil,2023-10-29,37511921.0,0.0,702116.0,,215313504
Brazil,2023-10-30,37511921.0,0.0,702116.0,,215313504
Brazil,2023-10-31,37511921.0,0.0,702116.0,,215313504
Brazil,2023-11-01,37511921.0,0.0,702116.0,,215313504
Brazil,2023-11-02,37511921.0,0.0,702116.0,,215313504
Brazil,2023-11-03,37511921.0,0.0,702116.0,,215313504
Brazil,2023-11-04,37511921.0,0.0,702116.0,,215313504
Brazil,2023-11-05,37511921.0,0.0,702116.0,,215313504
Brazil,2023-11-06,37511921.0,0.0,702116.0,,215313504
Brazil,2023-11-07,37511921.0,0.0,702116.0,,215313504
Brazil,2023-11-08,37511921.0,0.0,702116.0,,215313504
Brazil,2023-11-09,37511921.0,0.0,702116.0,,215313504
Brazil,2023-11-10,37511921.0,0.0,702116.0,,215313504
Brazil,2023-11-11,37511921.0,0.0,702116.0,,215313504
Brazil,2023-11-12,37511921.0,0.0,702116.0,,215313504
Brazil,2023-11-13,37511921.0,0.0,702116.0,,215313504
Brazil,2023-11-14,37511921.0,0.0,702116.0,,215313504
Brazil,2023-11-15,37511921.0,0.0,702116.0,,215313504
Brazil,2023-11-16,37511921.0,0.0,702116.0,,215313504
Brazil,2023-11-17,37511921.0,0.0,702116.0,,215313504
Brazil,2023-11-18,37511921.0,0.0,702116.0,,215313504
Brazil,2023-11-19,37511921.0,0.0,702116.0,,215313504
Brazil,2023-11-20,37511921.0,0.0,702116.0,,215313504
Brazil,2023-11-21,37511921.0,0.0,702116.0,,215313504
Brazil,2023-11-22,37511921.0,0.0,702116.0,,215313504
Brazil,2023-11-23,37511921.0,0.0,702116.0,,215313504
Brazil,2023-11-24,37511921.0,0.0,702116.0,,215313504
Brazil,2023-11-25,37511921.0,0.0,702116.0,,215313504
Brazil,2023-11-26,37511921.0,0.0,702116.0,,215313504
Brazil,2023-11-27,37511921.0,0.0,702116.0,,215313504
Brazil,2023-11-28,37511921.0,0.0,702116.0,,215313504
Brazil,2023-11-29,37511921.0,0.0,702116.0,,215313504
Brazil,2023-11-30,37511921.0,0.0,702116.0,,215313504
Brazil,2023-12-01,37511921.0,0.0,702116.0,,215313504
Brazil,2023-12-02,37511921.0,0.0,702116.0,,215313504
Brazil,2023-12-03,37511921.0,0.0,702116.0,,215313504
Brazil,2023-12-04,37511921.0,0.0,702116.0,,215313504
Brazil,2023-12-05,37511921.0,0.0,702116.0,,215313504
Brazil,2023-12-06,37511921.0,0.0,702116.0,,215313504
Brazil,2023-12-07,37511921.0,0.0,702116.0,,215313504
Brazil,2023-12-08,37511921.0,0.0,702116.0,,215313504
Brazil,2023-12-09,37511921.0,0.0,702116.0,,215313504
Brazil,2023-12-10,37511921.0,0.0,702116.0,,215313504
Brazil,2023-12-11,37511921.0,0.0,702116.0,,215313504
Brazil,2023-12-12,37511921.0,0.0,702116.0,,215313504
Brazil,2023-12-13,37511921.0,0.0,702116.0,,215313504
Brazil,2023-12-14,37511921.0,0.0,702116.0,,215313504
Brazil,2023-12-15,37511921.0,0.0,702116.0,,215313504
Brazil,2023-12-16,37511921.0,0.0,702116.0,,215313504
Brazil,2023-12-17,37511921.0,0.0,702116.0,,215313504
Brazil,2023-12-18,37511921.0,0.0,702116.0,,215313504
Brazil,2023-12-19,37511921.0,0.0,702116.0,,215313504
Brazil,2023-12-20,37511921.0,0.0,702116.0,,215313504
Brazil,2023-12-21,37511921.0,0.0,702116.0,,215313504
Brazil,2023-12-22,37511921.0,0.0,702116.0,,215313504
Brazil,2023-12-23,37511921.0,0.0,702116.0,,215313504
Brazil,2023-12-24,37511921.0,0.0,702116.0,,215313504
Brazil,2023-12-25,37511921.0,0.0,702116.0,,215313504
Brazil,2023-12-26,37511921.0,0.0,702116.0,,215313504
Brazil,2023-12-27,37511921.0,0.0,702116.0,,215313504
Brazil,2023-12-28,37511921.0,0.0,702116.0,,215313504
Brazil,2023-12-29,37511921.0,0.0,702116.0,,215313504
Brazil,2023-12-30,37511921.0,0.0,702116.0,,215313504
Brazil,2023-12-31,37511921.0,0.0,702116.0,,215313504
Brazil,2024-01-01,37511921.0,0.0,702116.0,,215313504
Brazil,2024-01-02,37511921.0,0.0,702116.0,,215313504
Brazil,2024-01-03,37511921.0,0.0,702116.0,,215313504
Brazil,2024-01-04,37511921.0,0.0,702116.0,,215313504
Brazil,2024-01-05,37511921.0,0.0,702116.0,,215313504
Brazil,2024-01-06,37511921.0,0.0,702116.0,,215313504
Brazil,2024-01-07,37511921.0,0.0,702116.0,,215313504
Brazil,2024-01-08,37511921.0,0.0,702116.0,,215313504
Brazil,2024-01-09,37511921.0,0.0,702116.0,,215313504
Brazil,2024-01-10,37511921.0,0.0,702116.0,,215313504
Brazil,2024-01-11,37511921.0,0.0,702116.0,,215313504
Brazil,2024-01-12,37511921.0,0.0,702116.0,,215313504
Brazil,2024-01-13,37511921.0,0.0,702116.0,,215313504
Brazil,2024-01-14,37511921.0,0.0,702116.0,,215313504
Brazil,2024-01-15,37511921.0,0.0,702116.0,,215313504
Brazil,2024-01-16,37511921.0,0.0,702116.0,,215313504
Brazil,2024-01-17,37511921.0,0.0,702116.0,,215313504
Brazil,2024-01-18,37511921.0,0.0,702116.0,,215313504
Brazil,2024-01-19,37511921.0,0.0,702116.0,,215313504
Brazil,2024-01-20,37511921.0,0.0,702116.0,,215313504
Brazil,2024-01-21,37511921.0,0.0,702116.0,,215313504
Brazil,2024-01-22,37511921.0,0.0,702116.0,,215313504
Brazil,2024-01-23,37511921.0,0.0,702116.0,,215313504
Brazil,2024-01-24,37511921.0,0.0,702116.0,,215313504
Brazil,2024-01-25,37511921.0,0.0,702116.0,,215313504
Brazil,2024-01-26,37511921.0,0.0,702116.0,,215313504
Brazil,2024-01-27,37511921.0,0.0,702116.0,,215313504
Brazil,2024-01-28,37511921.0,0.0,702116.0,,215313504
Brazil,2024-01-29,37511921.0,0.0,702116.0,,215313504
Brazil,2024-01-30,37511921.0,0.0,702116.0,,215313504
Brazil,2024-01-31,37511921.0,0.0,702116.0,,215313504
Brazil,2024-02-01,37511921.0,0.0,702116.0,,215313504
Brazil,2024-02-02,37511921.0,0.0,702116.0,,215313504
Brazil,2024-02-03,37511921.0,0.0,702116.0,,215313504
Brazil,2024-02-04,37511921.0,0.0,702116.0,,215313504
Brazil,2024-02-05,37511921.0,0.0,702116.0,,215313504
Brazil,2024-02-06,37511921.0,0.0,702116.0,,215313504
Brazil,2024-02-07,37511921.0,0.0,702116.0,,215313504
Brazil,2024-02-08,37511921.0,0.0,702116.0,,215313504
Brazil,2024-02-09,37511921.0,0.0,702116.0,,215313504
Brazil,2024-02-10,37511921.0,0.0,702116.0,,215313504
Brazil,2024-02-11,37511921.0,0.0,702116.0,,215313504
Brazil,2024-02-12,37511921.0,0.0,702116.0,,215313504
Brazil,2024-02-13,37511921.0,0.0,702116.0,,215313504
Brazil,2024-02-14,37511921.0,0.0,702116.0,,215313504
Brazil,2024-02-15,37511921.0,0.0,702116.0,,215313504
Brazil,2024-02-16,37511921.0,0.0,702116.0,,215313504
Brazil,2024-02-17,37511921.0,0.0,702116.0,,215313504
Brazil,2024-02-18,37511921.0,0.0,702116.0,,215313504
Brazil,2024-02-19,37511921.0,0.0,702116.0,,215313504
Brazil,2024-02-20,37511921.0,0.0,702116.0,,215313504
Brazil,2024-02-21,37511921.0,0.0,702116.0,,215313504
Brazil,2024-02-22,37511921.0,0.0,702116.0,,215313504
Brazil,2024-02-23,37511921.0,0.0,702116.0,,215313504
Brazil,2024-02-24,37511921.0,0.0,702116.0,,215313504
Brazil,2024-02-25,37511921.0,0.0,702116.0,,215313504
Brazil,2024-02-26,37511921.0,0.0,702116.0,,215313504
Brazil,2024-02-27,37511921.0,0.0,702116.0,,215313504
Brazil,2024-02-28,37511921.0,0.0,702116.0,,215313504
Brazil,2024-02-29,37511921.0,0.0,702116.0,,215313504
Brazil,2024-03-01,37511921.0,0.0,702116.0,,215313504
Brazil,2024-03-02,37511921.0,0.0,702116.0,,215313504
Brazil,2024-03-03,37511921.0,0.0,702116.0,,215313504
Brazil,2024-03-04,37511921.0,0.0,702116.0,,215313504
Brazil,2024-03-05,37511921.0,0.0,702116.0,,215313504
Brazil,2024-03-06,37511921.0,0.0,702116.0,,215313504
Brazil,2024-03-07,37511921.0,0.0,702116.0,,215313504
Brazil,2024-03-08,37511921.0,0.0,702116.0,,215313504
Brazil,2024-03-09,37511921.0,0.0,702116.0,,215313504
Brazil,2024-03-10,37511921.0,0.0,702116.0,,215313504
Brazil,2024-03-11,37511921.0,0.0,702116.0,,215313504
Brazil,2024-03-12,37511921.0,0.0,702116.0,,215313504
Brazil,2024-03-13,37511921.0,0.0,702116.0,,215313504
Brazil,2024-03-14,37511921.0,0.0,702116.0,,215313504
Brazil,2024-03-15,37511921.0,0.0,702116.0,,215313504
Brazil,2024-03-16,37511921.0,0.0,702116.0,,215313504
Brazil,2024-03-17,37511921.0,0.0,702116.0,,215313504
Brazil,2024-03-18,37511921.0,0.0,702116.0,,215313504
Brazil,2024-03-19,37511921.0,0.0,702116.0,,215313504
Brazil,2024-03-20,37511921.0,0.0,702116.0,,215313504
Brazil,2024-03-21,37511921.0,0.0,702116.0,,215313504
Brazil,2024-03-22,37511921.0,0.0,702116.0,,215313504
Brazil,2024-03-23,37511921.0,0.0,702116.0,,215313504
Brazil,2024-03-24,37511921.0,0.0,702116.0,,215313504
Brazil,2024-03-25,37511921.0,0.0,702116.0,,215313504
Brazil,2024-03-26,37511921.0,0.0,702116.0,,215313504
Brazil,2024-03-27,37511921.0,0.0,702116.0,,215313504
Brazil,2024-03-28,37511921.0,0.0,702116.0,,215313504
Brazil,2024-03-29,37511921.0,0.0,702116.0,,215313504
Brazil,2024-03-30,37511921.0,0.0,702116.0,,215313504
Brazil,2024-03-31,37511921.0,0.0,702116.0,,215313504
Brazil,2024-04-01,37511921.0,0.0,702116.0,,215313504
Brazil,2024-04-02,37511921.0,0.0,702116.0,,215313504
Brazil,2024-04-03,37511921.0,0.0,702116.0,,215313504
Brazil,2024-04-04,37511921.0,0.0,702116.0,,215313504
Brazil,2024-04-05,37511921.0,0.0,702116.0,,215313504
Brazil,2024-04-06,37511921.0,0.0,702116.0,,215313504
Brazil,2024-04-07,37511921.0,0.0,702116.0,,215313504
Brazil,2024-04-08,37511921.0,0.0,702116.0,,215313504
Brazil,2024-04-09,37511921.0,0.0,702116.0,,215313504
Brazil,2024-04-10,37511921.0,0.0,702116.0,,215313504
Brazil,2024-04-11,37511921.0,0.0,702116.0,,215313504
Brazil,2024-04-12,37511921.0,0.0,702116.0,,215313504
Brazil,2024-04-13,37511921.0,0.0,702116.0,,215313504
Brazil,2024-04-14,37511921.0,0.0,702116.0,,215313504
Brazil,2024-04-15,37511921.0,0.0,702116.0,,215313504
Brazil,2024-04-16,37511921.0,0.0,702116.0,,215313504
Brazil,2024-04-17,37511921.0,0.0,702116.0,,215313504
Brazil,2024-04-18,37511921.0,0.0,702116.0,,215313504
Brazil,2024-04-19,37511921.0,0.0,702116.0,,215313504
Brazil,2024-04-20,37511921.0,0.0,702116.0,,215313504
Brazil,2024-04-21,37511921.0,0.0,702116.0,,215313504
Brazil,2024-04-22,37511921.0,0.0,702116.0,,215313504
Brazil,2024-04-23,37511921.0,0.0,702116.0,,215313504
Brazil,2024-04-24,37511921.0,0.0,702116.0,,215313504
Brazil,2024-04-25,37511921.0,0.0,702116.0,,215313504
Brazil,2024-04-26,37511921.0,0.0,702116.0,,215313504
Brazil,2024-04-27,37511921.0,0.0,702116.0,,215313504
Brazil,2024-04-28,37511921.0,0.0,702116.0,,215313504
Brazil,2024-04-29,37511921.0,0.0,702116.0,,215313504
Brazil,2024-04-30,37511921.0,0.0,702116.0,,215313504
Brazil,2024-05-01,37511921.0,0.0,702116.0,,215313504
Brazil,2024-05-02,37511921.0,0.0,702116.0,,215313504
Brazil,2024-05-03,37511921.0,0.0,702116.0,,215313504
Brazil,2024-05-04,37511921.0,0.0,702116.0,,215313504
Brazil,2024-05-05,37511921.0,0.0,702116.0,,215313504
Brazil,2024-05-06,37511921.0,0.0,702116.0,,215313504
Brazil,2024-05-07,37511921.0,0.0,702116.0,,215313504
Brazil,2024-05-08,37511921.0,0.0,702116.0,,215313504
Brazil,2024-05-09,37511921.0,0.0,702116.0,,215313504
Brazil,2024-05-10,37511921.0,0.0,702116.0,,215313504
Brazil,2024-05-11,37511921.0,0.0,702116.0,,215313504
Brazil,2024-05-12,37511921.0,0.0,702116.0,,215313504
Brazil,2024-05-13,37511921.0,0.0,702116.0,,215313504
Brazil,2024-05-14,37511921.0,0.0,702116.0,,215313504
Brazil,2024-05-15,37511921.0,0.0,702116.0,,215313504
Brazil,2024-05-16,37511921.0,0.0,702116.0,,215313504
Brazil,2024-05-17,37511921.0,0.0,702116.0,,215313504
Brazil,2024-05-18,37511921.0,0.0,702116.0,,215313504
Brazil,2024-05-19,37511921.0,0.0,702116.0,,215313504
Brazil,2024-05-20,37511921.0,0.0,702116.0,,215313504
Brazil,2024-05-21,37511921.0,0.0,702116.0,,215313504
Brazil,2024-05-22,37511921.0,0.0,702116.0,,215313504
Brazil,2024-05-23,37511921.0,0.0,702116.0,,215313504
Brazil,2024-05-24,37511921.0,0.0,702116.0,,215313504
Brazil,2024-05-25,37511921.0,0.0,702116.0,,215313504
Brazil,2024-05-26,37511921.0,0.0,702116.0,,215313504
Brazil,2024-05-27,37511921.0,0.0,702116.0,,215313504
Brazil,2024-05-28,37511921.0,0.0,702116.0,,215313504
Brazil,2024-05-29,37511921.0,0.0,702116.0,,215313504
Brazil,2024-05-30,37511921.0,0.0,702116.0,,215313504
Brazil,2024-05-31,37511921.0,0.0,702116.0,,215313504
Brazil,2024-06-01,37511921.0,0.0,702116.0,,215313504
Brazil,2024-06-02,37511921.0,0.0,702116.0,,215313504
Brazil,2024-06-03,37511921.0,0.0,702116.0,,215313504
Brazil,2024-06-04,37511921.0,0.0,702116.0,,215313504
Brazil,2024-06-05,37511921.0,0.0,702116.0,,215313504
Brazil,2024-06-06,37511921.0,0.0,702116.0,,215313504
Brazil,2024-06-07,37511921.0,0.0,702116.0,,215313504
Brazil,2024-06-08,37511921.0,0.0,702116.0,,215313504
Brazil,2024-06-09,37511921.0,0.0,702116.0,,215313504
Brazil,2024-06-10,37511921.0,0.0,702116.0,,215313504
Brazil,2024-06-11,37511921.0,0.0,702116.0,,215313504
Brazil,2024-06-12,37511921.0,0.0,702116.0,,215313504
Brazil,2024-06-13,37511921.0,0.0,702116.0,,215313504
Brazil,2024-06-14,37511921.0,0.0,702116.0,,215313504
Brazil,2024-06-15,37511921.0,0.0,702116.0,,215313504
Brazil,2024-06-16,37511921.0,0.0,702116.0,,215313504
Brazil,2024-06-17,37511921.0,0.0,702116.0,,215313504
Brazil,2024-06-18,37511921.0,0.0,702116.0,,215313504
Brazil,2024-06-19,37511921.0,0.0,702116.0,,215313504
Brazil,2024-06-20,37511921.0,0.0,702116.0,,215313504
Brazil,2024-06-21,37511921.0,0.0,702116.0,,215313504
Brazil,2024-06-22,37511921.0,0.0,702116.0,,215313504
Brazil,2024-06-23,37511921.0,0.0,702116.0,,215313504
Brazil,2024-06-24,37511921.0,0.0,702116.0,,215313504
Brazil,2024-06-25,37511921.0,0.0,702116.0,,215313504
Brazil,2024-06-26,37511921.0,0.0,702116.0,,215313504
Brazil,2024-06-27,37511921.0,0.0,702116.0,,215313504
Brazil,2024-06-28,37511921.0,0.0,702116.0,,215313504
Brazil,2024-06-29,37511921.0,0.0,702116.0,,215313504
Brazil,2024-06-30,37511921.0,0.0,702116.0,,215313504
Brazil,2024-07-01,37511921.0,0.0,702116.0,,215313504
Brazil,2024-07-02,37511921.0,0.0,702116.0,,215313504
Brazil,2024-07-03,37511921.0,0.0,702116.0,,215313504
Brazil,2024-07-04,37511921.0,0.0,702116.0,,215313504
Brazil,2024-07-05,37511921.0,0.0,702116.0,,215313504
Brazil,2024-07-06,37511921.0,0.0,702116.0,,215313504
Brazil,2024-07-07,37511921.0,0.0,702116.0,,215313504
Brazil,2024-07-08,37511921.0,0.0,702116.0,,215313504
Brazil,2024-07-09,37511921.0,0.0,702116.0,,215313504
Brazil,2024-07-10,37511921.0,0.0,702116.0,,215313504
Brazil,2024-07-11,37511921.0,0.0,702116.0,,215313504
Brazil,2024-07-12,37511921.0,0.0,702116.0,,215313504
Brazil,2024-07-13,37511921.0,0.0,702116.0,,215313504
Brazil,2024-07-14,37511921.0,0.0,702116.0,,215313504
Brazil,2024-07-15,37511921.0,0.0,702116.0,,215313504
Brazil,2024-07-16,37511921.0,0.0,702116.0,,215313504
Brazil,2024-07-17,37511921.0,0.0,702116.0,,215313504
Brazil,2024-07-18,37511921.0,0.0,702116.0,,215313504
Brazil,2024-07-19,37511921.0,0.0,702116.0,,215313504
Brazil,2024-07-20,37511921.0,0.0,702116.0,,215313504
Brazil,2024-07-21,37511921.0,0.0,702116.0,,215313504
Brazil,2024-07-22,37511921.0,0.0,702116.0,,215313504
Brazil,2024-07-23,37511921.0,0.0,702116.0,,215313504
Brazil,2024-07-24,37511921.0,0.0,702116.0,,215313504
Brazil,2024-07-25,37511921.0,0.0,702116.0,,215313504
Brazil,2024-07-26,37511921.0,0.0,702116.0,,215313504
Brazil,2024-07-27,37511921.0,0.0,702116.0,,215313504
Brazil,2024-07-28,37511921.0,0.0,702116.0,,215313504
Brazil,2024-07-29,37511921.0,0.0,702116.0,,215313504
Brazil,2024-07-30,37511921.0,0.0,702116.0,,215313504
Brazil,2024-07-31,37511921.0,0.0,702116.0,,215313504
Brazil,2024-08-01,37511921.0,0.0,702116.0,,215313504
Brazil,2024-08-02,37511921.0,0.0,702116.0,,215313504
Brazil,2024-08-03,37511921.0,0.0,702116.0,,215313504
Brazil,2024-08-04,37511921.0,0.0,702116.0,,215313504
